category	authors	title	venue	year	pmid	doi	pmcid	url	local_pdf	fulltext_xml	topics	status
circrna	Zhang Y, Song X, Feng Y et al.	The circRNA cEMSY Induces Immunogenic Cell Death and Boosts Immunotherapy Efficacy in Lung Adenocarcinoma	Cancer research	2025	39531509	10.1158/0008-5472.CAN-24-1484	PMC11786956	https://pmc.ncbi.nlm.nih.gov/articles/PMC11786956/		fulltext/zhang_2025_pmid39531509.xml	circrna;mrna_tf_reprogramming	fulltext_xml
gene_editing	Huang F, Yuan F, Li K et al.	Programmable mRNA 3'UTR engineering restores MHC-I and overcomes immune evasion in prostate cancer	Nature biomedical engineering	2026	42303814	10.1038/s41551-026-01720-9	PMC13297525	https://pmc.ncbi.nlm.nih.gov/articles/PMC13297525/			gene_editing	metadata_only
gene_editing	Mashreghi M, Rezazade Bazaz M, Jaafari MR	CRISPR-Cas9 lipid nanoparticles for targeting cyclin-dependent kinases in the tumor microenvironment	Biotechnology progress	2026	41606801	10.1002/btpr.70105		https://doi.org/10.1002/btpr.70105			gene_editing;lnp_engineering	metadata_only
gene_editing	Streiber M, Liu N, Simon L et al.	Extrahepatic Gene Editing In Vivo Using Organic Solvent-Free Lipid Nanoparticles	Small (Weinheim an der Bergstrasse, Germany)	2026	41913646	10.1002/smll.202511489	PMC13173322	https://pmc.ncbi.nlm.nih.gov/articles/PMC13173322/		fulltext/streiber_2026_pmid41913646.xml	gene_editing;lnp_engineering	fulltext_xml
gene_editing	Xu Z, Haghighat M, Shafiabady N et al.	Nuclear-targeted CRISPR/Cas delivery by using aptamer-modified polymer lipid nanoparticles	Nanomedicine : nanotechnology, biology, and medicine	2026	41825677	10.1016/j.nano.2026.102928		https://doi.org/10.1016/j.nano.2026.102928			gene_editing	metadata_only
gene_editing	Zeng Y, Zhao G, Wu S et al.	CD44-targeted lipid nanoparticles for enhanced CRISPR/Cas9 delivery in cancer gene editing	Journal of controlled release : official journal of the Controlled Release Society	2026	41494604	10.1016/j.jconrel.2025.114598		https://doi.org/10.1016/j.jconrel.2025.114598			gene_editing;lnp_engineering	metadata_only
gene_editing	Gabelmann A, Mansouri-Ghahnavieh E, Koch M et al.	A novel lipopolyplex platform for dual mRNA delivery via core- and surface-loading	Journal of controlled release : official journal of the Controlled Release Society	2025	40412659	10.1016/j.jconrel.2025.113875		https://doi.org/10.1016/j.jconrel.2025.113875			gene_editing;lnp_engineering	metadata_only
gene_editing	Han Z, Huang C, Luo T et al.	A general genome editing strategy using CRISPR lipid nanoparticle spherical nucleic acids	Proceedings of the National Academy of Sciences of the United States of America	2025	40906807	10.1073/pnas.2426094122	PMC12435252	https://pmc.ncbi.nlm.nih.gov/articles/PMC12435252/		fulltext/han_2025_pmid40906807.xml	gene_editing	fulltext_xml
gene_editing	Lee S, Kim K, Jeong HJ et al.	Combining Multiplexed CRISPR/Cas9-Nickase and PARP Inhibitors Efficiently and Precisely Targets Cancer Cells	Cancer research	2025	40327605	10.1158/0008-5472.CAN-24-2938	PMC12314522	https://pmc.ncbi.nlm.nih.gov/articles/PMC12314522/		fulltext/lee_2025_pmid40327605.xml	gene_editing	fulltext_xml
gene_editing	Lu X, Zhu Y, Wei C et al.	A multistep platform identifies spleen-tropic lipid nanoparticles for in vivo T cell-targeted delivery of gene-editing proteins	Science advances	2025	41124242	10.1126/sciadv.ady5579	PMC12542943	https://pmc.ncbi.nlm.nih.gov/articles/PMC12542943/	pdfs/lu_2025_pmid41124242.pdf	fulltext/lu_2025_pmid41124242.xml	gene_editing;lnp_engineering	downloaded
gene_editing	Mao K, Tan H, Cong X et al.	Optimized lipid nanoparticles enable effective CRISPR/Cas9-mediated gene editing in dendritic cells for enhanced immunotherapy	Acta pharmaceutica Sinica. B	2025	40041907	10.1016/j.apsb.2024.08.030	PMC11873634	https://pmc.ncbi.nlm.nih.gov/articles/PMC11873634/		fulltext/mao_2025_pmid40041907.xml	gene_editing	fulltext_xml
gene_editing	Masarwy R, Breier D, Stotsky-Oterin L et al.	Targeted CRISPR/Cas9 Lipid Nanoparticles Elicits Therapeutic Genome Editing in Head and Neck Cancer	Advanced science (Weinheim, Baden-Wurttemberg, Germany)	2025	39736115	10.1002/advs.202411032	PMC11831472	https://pmc.ncbi.nlm.nih.gov/articles/PMC11831472/		fulltext/masarwy_2025_pmid39736115.xml	gene_editing;lnp_engineering;clinical	fulltext_xml
gene_editing	Rouatbi N, Walters AA, Zam A et al.	CD47 Knock-Out Using CRISPR-Cas9 RNA Lipid Nanocarriers Results in Reduced Mesenchymal Glioblastoma Growth In Vivo	Advanced science (Weinheim, Baden-Wurttemberg, Germany)	2025	39888280	10.1002/advs.202407262	PMC11948039	https://pmc.ncbi.nlm.nih.gov/articles/PMC11948039/		fulltext/rouatbi_2025_pmid39888280.xml	gene_editing	fulltext_xml
gene_editing	Stauber D, Sosnick L, Ma Y et al.	CRISPR-Cas13d-Mediated Targeting of a Context-Specific Essential Gene Enables Selective Elimination of Uveal Melanoma	bioRxiv : the preprint server for biology	2025	40894775	10.1101/2025.08.21.671629	PMC12393512	https://pmc.ncbi.nlm.nih.gov/articles/PMC12393512/		fulltext/stauber_2025_pmid40894775.xml	gene_editing	fulltext_xml
gene_editing	Xue L, Zhao G, Gong N et al.	Combinatorial design of siloxane-incorporated lipid nanoparticles augments intracellular processing for tissue-specific mRNA therapeutic delivery	Nature nanotechnology	2025	39354147	10.1038/s41565-024-01747-6	PMC12207990	https://pmc.ncbi.nlm.nih.gov/articles/PMC12207990/			gene_editing;lnp_engineering	metadata_only
gene_editing	Xue Y, Wang C, Li H et al.	Lipid Nanoparticles Enhance mRNA Delivery to the Central Nervous System Upon Intrathecal Injection	Advanced materials (Deerfield Beach, Fla.)	2025	40317512	10.1002/adma.202417097	PMC12245596	https://pmc.ncbi.nlm.nih.gov/articles/PMC12245596/			gene_editing;lnp_engineering	metadata_only
gene_editing	Yang X, Li W, Yang S et al.	Gene Therapy with Enterovirus 3 C Protease: A Promising Strategy for Various Solid Tumors	Nature communications	2025	40340965	10.1038/s41467-025-59440-8	PMC12062448	https://pmc.ncbi.nlm.nih.gov/articles/PMC12062448/		fulltext/yang_2025_pmid40340965.xml	gene_editing	fulltext_xml
gene_editing	Zhang Y, Rabinovsky R, Deforzh E et al.	Lipid nanoparticle formulation for gene editing and RNA-based therapies for glioblastoma	Neuro-oncology	2025	40653819	10.1093/neuonc/noaf162	PMC12908484	https://pmc.ncbi.nlm.nih.gov/articles/PMC12908484/		fulltext/zhang_2025_pmid40653819.xml	gene_editing;lnp_engineering	fulltext_xml
gene_editing	Zhang Y, Shao B, Jiang K et al.	Fluorinated Ionizable Lipids for Efficient Spleen-Targeted mRNA Delivery in Cancer Immunotherapy	Journal of the American Chemical Society	2025	41162324	10.1021/jacs.5c13982		https://doi.org/10.1021/jacs.5c13982			gene_editing;lnp_engineering	metadata_only
gene_editing	Fieni C, Ciummo SL, Sorrentino C et al.	Prevention of prostate cancer metastasis by a CRISPR-delivering nanoplatform for interleukin-30 genome editing	Molecular therapy : the journal of the American Society of Gene Therapy	2024	39244641	10.1016/j.ymthe.2024.09.011	PMC11573607	https://pmc.ncbi.nlm.nih.gov/articles/PMC11573607/		fulltext/fieni_2024_pmid39244641.xml	gene_editing	fulltext_xml
gene_editing	Han EL, Padilla MS, Palanki R et al.	Predictive High-Throughput Platform for Dual Screening of mRNA Lipid Nanoparticle Blood-Brain Barrier Transfection and Crossing	Nano letters	2024	38259198	10.1021/acs.nanolett.3c03509	PMC11922166	https://pmc.ncbi.nlm.nih.gov/articles/PMC11922166/			gene_editing;lnp_engineering	metadata_only
gene_editing	Im SH, Jang M, Park JH et al.	Finely tuned ionizable lipid nanoparticles for CRISPR/Cas9 ribonucleoprotein delivery and gene editing	Journal of nanobiotechnology	2024	38609947	10.1186/s12951-024-02427-2	PMC11015636	https://pmc.ncbi.nlm.nih.gov/articles/PMC11015636/		fulltext/im_2024_pmid38609947.xml	gene_editing;lnp_engineering	fulltext_xml
gene_editing	Lian X, Chatterjee S, Sun Y et al.	Bone-marrow-homing lipid nanoparticles for genome editing in diseased and malignant haematopoietic stem cells	Nature nanotechnology	2024	38783058	10.1038/s41565-024-01680-8	PMC11757007	https://pmc.ncbi.nlm.nih.gov/articles/PMC11757007/			gene_editing	metadata_only
gene_editing	Rouatbi N, Walters AA, Costa PM et al.	RNA lipid nanoparticles as efficient in vivo CRISPR-Cas9 gene editing tool for therapeutic target validation in glioblastoma cancer stem cells	Journal of controlled release : official journal of the Controlled Release Society	2024	39284526	10.1016/j.jconrel.2024.09.019		https://doi.org/10.1016/j.jconrel.2024.09.019	pdfs/rouatbi_2024_pmid39284526.pdf		gene_editing	downloaded
gene_editing	Sarkar S, Moitra P, Duan W et al.	A Multifunctional Aptamer Decorated Lipid Nanoparticles for the Delivery of EpCAM-targeted CRISPR/Cas9 Plasmid for Efficacious In Vivo Tumor Regression	Advanced healthcare materials	2024	39212195	10.1002/adhm.202402259		https://doi.org/10.1002/adhm.202402259			gene_editing	metadata_only
gene_editing	Wang Y, Peng Y, Zi G et al.	Co-delivery of Cas9 mRNA and guide RNAs for editing of LGMN gene represses breast cancer cell metastasis	Scientific reports	2024	38582932	10.1038/s41598-024-58765-6	PMC10998893	https://pmc.ncbi.nlm.nih.gov/articles/PMC10998893/		fulltext/wang_2024_pmid38582932.xml	gene_editing	fulltext_xml
gene_editing	Xue L, Hamilton AG, Zhao G et al.	High-throughput barcoding of nanoparticles identifies cationic, degradable lipid-like materials for mRNA delivery to the lungs in female preclinical models	Nature communications	2024	38424061	10.1038/s41467-024-45422-9	PMC10904786	https://pmc.ncbi.nlm.nih.gov/articles/PMC10904786/		fulltext/xue_2024_pmid38424061.xml	gene_editing;lnp_engineering	fulltext_xml
gene_editing	Yang X, Zhou S, Zeng J et al.	A biodegradable lipid nanoparticle delivers a Cas9 ribonucleoprotein for efficient and safe in situ genome editing in melanoma	Acta biomaterialia	2024	39461690	10.1016/j.actbio.2024.10.030		https://doi.org/10.1016/j.actbio.2024.10.030			gene_editing;lnp_engineering	metadata_only
gene_editing	Zhao G, Ma Q, Yang H et al.	Base editing of the mutated TERT promoter inhibits liver tumor growth	Hepatology (Baltimore, Md.)	2024	38016019	10.1097/HEP.0000000000000700		https://doi.org/10.1097/HEP.0000000000000700			gene_editing;mrna_tf_reprogramming	metadata_only
gene_editing	Chen Z, Tian Y, Yang J et al.	Modular Design of Biodegradable Ionizable Lipids for Improved mRNA Delivery and Precise Cancer Metastasis Delineation In Vivo	Journal of the American Chemical Society	2023	37853662	10.1021/jacs.3c09143		https://doi.org/10.1021/jacs.3c09143			gene_editing;lnp_engineering	metadata_only
gene_editing	Davis A, Morris KV, Shevchenko G	Hypoxia-directed tumor targeting of CRISPR-Cas9 and HSV-TK suicide gene therapy using lipid nanoparticles	Molecular therapy. Methods & clinical development	2022	35402634	10.1016/j.omtm.2022.03.008	PMC8971340	https://pmc.ncbi.nlm.nih.gov/articles/PMC8971340/		fulltext/davis_2022_pmid35402634.xml	gene_editing;suicide_enzyme_toxin;mrna_tf_reprogramming	fulltext_xml
gene_editing	Farbiak L, Cheng Q, Wei T et al.	All-In-One Dendrimer-Based Lipid Nanoparticles Enable Precise HDR-Mediated Gene Editing In Vivo	Advanced materials (Deerfield Beach, Fla.)	2021	34137093	10.1002/adma.202006619	PMC10041668	https://pmc.ncbi.nlm.nih.gov/articles/PMC10041668/			gene_editing	metadata_only
gene_editing	Ho TC, Kim HS, Chen Y et al.	Scaffold-mediated CRISPR-Cas9 delivery system for acute myeloid leukemia therapy	Science advances	2021	34138728	10.1126/sciadv.abg3217	PMC8133753	https://pmc.ncbi.nlm.nih.gov/articles/PMC8133753/		fulltext/ho_2021_pmid34138728.xml	gene_editing	fulltext_xml
gene_editing	Rosenblum D, Gutkin A, Kedmi R et al.	CRISPR-Cas9 genome editing using targeted lipid nanoparticles for cancer therapy	Science advances	2020	33208369	10.1126/sciadv.abc9450	PMC7673804	https://pmc.ncbi.nlm.nih.gov/articles/PMC7673804/		fulltext/rosenblum_2020_pmid33208369.xml	gene_editing;lnp_engineering	fulltext_xml
gene_editing	Wei T, Cheng Q, Min YL et al.	Systemic nanoparticle delivery of CRISPR-Cas9 ribonucleoproteins for effective tissue specific genome editing	Nature communications	2020	32591530	10.1038/s41467-020-17029-3	PMC7320157	https://pmc.ncbi.nlm.nih.gov/articles/PMC7320157/	pdfs/wei_2020_pmid32591530.pdf	fulltext/wei_2020_pmid32591530.xml	gene_editing;lnp_engineering	downloaded
gene_editing	Chang J, Chen X, Glass Z et al.	Integrating Combinatorial Lipid Nanoparticle and Chemically Modified Protein for Intracellular Delivery and Genome Editing	Accounts of chemical research	2019	30586281	10.1021/acs.accounts.8b00493	PMC6513672	https://pmc.ncbi.nlm.nih.gov/articles/PMC6513672/			gene_editing;lnp_engineering	metadata_only
in_vivo_car	Bajbouj K, Xiao Z, Todd L et al.	Targeted Lipid Nanoparticle Delivery of FAP-CAR mRNA Enables Potent In Vivo T-cell Engineering against Pancreatic Tumors	Cancer immunology research	2026	41686204	10.1158/2326-6066.CIR-25-0663		https://doi.org/10.1158/2326-6066.CIR-25-0663			in_vivo_car;lnp_engineering	metadata_only
in_vivo_car	Chen W, Wang D, Li J et al.	LNP-Delivered CAR-mRNA Enables in Vivo CAR-Macrophage Production for TYRP1-Targeted Therapy of Choroidal Melanoma	Current eye research	2026	41960698	10.1080/02713683.2026.2648868		https://doi.org/10.1080/02713683.2026.2648868			in_vivo_car;mrna_tf_reprogramming	metadata_only
in_vivo_car	Fu Z, Zhao X, Zhang Q et al.	Synthetic SIGLEC9-based chimeric switch receptor augments the efficacy of CAR macrophages against glioblastoma	Proceedings of the National Academy of Sciences of the United States of America	2026	41843671	10.1073/pnas.2519819123	PMC13012106	https://pmc.ncbi.nlm.nih.gov/articles/PMC13012106/			in_vivo_car;circrna;mrna_tf_reprogramming;lnp_engineering	metadata_only
in_vivo_car	Lemgart VT, Sawyer AJ, Kuhlman W et al.	Reprogramming CD22 CAR-T cells in vivo using CD8-targeted mRNA-LNPs to treat hematological malignancies	Molecular therapy : the journal of the American Society of Gene Therapy	2026	41691371	10.1016/j.ymthe.2026.02.020	PMC13154270	https://pmc.ncbi.nlm.nih.gov/articles/PMC13154270/			in_vivo_car;mrna_antibody;mrna_tf_reprogramming;lnp_engineering	metadata_only
in_vivo_car	Wang M, Liao Q, Bai S et al.	Co-Delivery of Multiple RNAs via Lipid Nanoparticles Enables Precise Gene Editing of CAR-T Cells	Advanced healthcare materials	2026	40879055	10.1002/adhm.202501475		https://doi.org/10.1002/adhm.202501475			in_vivo_car;gene_editing	metadata_only
in_vivo_car	Xu Z, Qiu HW, Xu Y et al.	Fluorinated lipid nanoparticles enable in vivo CAR-macrophage therapy in solid tumor and enhance anti PD-L1 immunotherapy	Biomaterials	2026	41819724	10.1016/j.biomaterials.2026.124093		https://doi.org/10.1016/j.biomaterials.2026.124093			in_vivo_car;mrna_cytokine;mrna_tf_reprogramming;lnp_engineering	metadata_only
in_vivo_car	Zeng J, Papp TE, Akyianu A et al.	Rapid receptor internalization potentiates CD7-targeted lipid nanoparticles for efficient mRNA delivery to T cells and in vivo CAR T-cell engineering	Journal of controlled release : official journal of the Controlled Release Society	2026	42173446	10.1016/j.jconrel.2026.115043		https://doi.org/10.1016/j.jconrel.2026.115043			in_vivo_car;lnp_engineering	metadata_only
in_vivo_car	Bimbo JF, van Diest E, Murphy DE et al.	T cell-specific non-viral DNA delivery and in vivo CAR-T generation using targeted lipid nanoparticles	Journal for immunotherapy of cancer	2025	40659448	10.1136/jitc-2025-011759	PMC12258353	https://pmc.ncbi.nlm.nih.gov/articles/PMC12258353/		fulltext/bimbo_2025_pmid40659448.xml	in_vivo_car;mrna_antibody;mrna_cytokine;lnp_engineering	fulltext_xml
in_vivo_car	Han JH, Fagan E, Yeom K et al.	In Situ Chimeric Antigen Receptor Macrophage Therapy via Co-Delivery of mRNA and Immunostimulant	ACS nano	2025	41289602	10.1021/acsnano.5c09138		https://doi.org/10.1021/acsnano.5c09138			in_vivo_car;mrna_cytokine;mrna_tf_reprogramming	metadata_only
in_vivo_car	Wang W, Hu K, Xue J et al.	In vivo FAP-CAR macrophages enhance chemotherapy and immunotherapy against pancreatic cancer by removing the fibrosis barrier	Journal of controlled release : official journal of the Controlled Release Society	2025	40425095	10.1016/j.jconrel.2025.113888		https://doi.org/10.1016/j.jconrel.2025.113888			in_vivo_car;mrna_tf_reprogramming	metadata_only
in_vivo_car	Zhang N, Seo JW, Robinson E et al.	Development of an in situ CAR-T cell protocol through optical and PSMA-targeted PET imaging	Proceedings of the National Academy of Sciences of the United States of America	2025	40493195	10.1073/pnas.2504950122	PMC12184651	https://pmc.ncbi.nlm.nih.gov/articles/PMC12184651/		fulltext/zhang_2025_pmid40493195.xml	in_vivo_car;mrna_cytokine	fulltext_xml
in_vivo_car	Zhou L, Song Q, Zhang X et al.	In vivo generation of CAR macrophages via the enucleated mesenchymal stem cell delivery system for glioblastoma therapy	Proceedings of the National Academy of Sciences of the United States of America	2025	40658861	10.1073/pnas.2426724122	PMC12304911	https://pmc.ncbi.nlm.nih.gov/articles/PMC12304911/		fulltext/zhou_2025_pmid40658861.xml	in_vivo_car	fulltext_xml
in_vivo_car		In Vivo CAR Monocytes Show Efficacy in Mice	Cancer discovery	2024	37943022	10.1158/2159-8290.CD-NB2023-0083		https://doi.org/10.1158/2159-8290.CD-NB2023-0083			in_vivo_car;mrna_tf_reprogramming	metadata_only
in_vivo_car	Billingsley MM, Gong N, Mukalel AJ et al.	In Vivo mRNA CAR T Cell Engineering via Targeted Ionizable Lipid Nanoparticles with Extrahepatic Tropism	Small (Weinheim an der Bergstrasse, Germany)	2024	38072809	10.1002/smll.202304378		https://doi.org/10.1002/smll.202304378			in_vivo_car;mrna_antibody;mrna_cytokine;lnp_engineering	metadata_only
in_vivo_car	Álvarez-Benedicto E, Tian Z, Chatterjee S et al.	Spleen SORT LNP Generated in situ CAR T Cells Extend Survival in a Mouse Model of Lymphoreplete B Cell Lymphoma	Angewandte Chemie (International ed. in English)	2023	37651468	10.1002/anie.202310395	PMC10826899	https://pmc.ncbi.nlm.nih.gov/articles/PMC10826899/			in_vivo_car;mrna_antibody;lnp_engineering	metadata_only
lnp_engineering	Darji S, Qu F, Henager M et al.	Optimizing mRNA delivery with targeted elastin-like polypeptide-based LENN formulations: Insights into the endocytosis mechanism	Proceedings of the National Academy of Sciences of the United States of America	2026	41499406	10.1073/pnas.2502486122	PMC12799166	https://pmc.ncbi.nlm.nih.gov/articles/PMC12799166/		fulltext/darji_2026_pmid41499406.xml	lnp_engineering	fulltext_xml
lnp_engineering	Fu J, Liu Y, Zhong Z et al.	mRNA lipid-nanoparticle-mediated mitochondrial apoptosis augments adoptive T cell immunotherapy	Cell reports. Medicine	2026	41916290	10.1016/j.xcrm.2026.102706	PMC13130659	https://pmc.ncbi.nlm.nih.gov/articles/PMC13130659/	pdfs/fu_2026_pmid41916290.pdf	fulltext/fu_2026_pmid41916290.xml	lnp_engineering	downloaded
lnp_engineering	Lei S, Li J, Zhu M et al.	Chimeric Antigen Receptor-Engineered Cell Membrane-Coated Nanoparticles Promote Dual-Targeted mRNA-Based Cancer Gene Therapy	ACS nano	2025	40227438	10.1021/acsnano.4c18153		https://doi.org/10.1021/acsnano.4c18153			lnp_engineering	metadata_only
lnp_engineering	Xue L, Gong N, Shepherd SJ et al.	Rational Design of Bisphosphonate Lipid-like Materials for mRNA Delivery to the Bone Microenvironment	Journal of the American Chemical Society	2022	35616998	10.1021/jacs.2c02706		https://doi.org/10.1021/jacs.2c02706			lnp_engineering	metadata_only
mrna_antibody	Che J, Guo YY, Guo L et al.	Intraperitoneal Co-Delivery of Claudin18.2×41BB and EpCAM×CD3 Bispecific Antibodies via mRNA-LNPs Synergistically Suppresses Gastric Cancer Peritoneal Metastasis Through T Cell Co-Activation	International journal of nanomedicine	2026	41884275	10.2147/IJN.S577606	PMC13011852	https://pmc.ncbi.nlm.nih.gov/articles/PMC13011852/	pdfs/che_2026_pmid41884275.pdf	fulltext/che_2026_pmid41884275.xml	mrna_antibody	downloaded
mrna_antibody	Choy OT, Fletcher NL, Huda P et al.	Lipid Nanoparticles with Side-Chain Polymer Coating for Targeted mRNA Delivery through Nanobody Attachment	Bioconjugate chemistry	2026	41885077	10.1021/acs.bioconjchem.6c00045		https://doi.org/10.1021/acs.bioconjchem.6c00045			mrna_antibody;lnp_engineering	metadata_only
mrna_antibody	Hiraki T, Yamamoto K, Chang YH et al.	Development of hematopoietic stem cell-targeted lipid nanoparticles through lipid composition optimization	Experimental hematology	2026	41887390	10.1016/j.exphem.2026.105423		https://doi.org/10.1016/j.exphem.2026.105423			mrna_antibody;mrna_tumor_suppressor;gene_editing;lnp_engineering	metadata_only
mrna_antibody	Kelly MD, Vu TQ, Iyer AU et al.	DNA-directed assembly of multivalent lipid nanoparticles for targeted T cell gene delivery	Journal of controlled release : official journal of the Controlled Release Society	2026	41916505	10.1016/j.jconrel.2026.114885		https://doi.org/10.1016/j.jconrel.2026.114885			mrna_antibody;lnp_engineering	metadata_only
mrna_antibody	Pan Y, Chen R, Lv X et al.	Targeted delivery of IFN-α-anti-GPC3 fusion protein via mRNA-LNP platform elicits potent anti-tumor immunity in hepatocellular carcinoma	Drug delivery and translational research	2026	40908442	10.1007/s13346-025-01911-y		https://doi.org/10.1007/s13346-025-01911-y			mrna_antibody;mrna_cytokine	metadata_only
mrna_antibody	Zhang H, Miao J, Gao L et al.	Co-delivering macrophage engager mRNA and PD-L1 antibody via tumor-responsive nanoparticles for glioblastoma immunotherapy	Nature communications	2026	41965349	10.1038/s41467-026-71646-y	PMC13247073	https://pmc.ncbi.nlm.nih.gov/articles/PMC13247073/	pdfs/zhang_2026_pmid41965349.pdf	fulltext/zhang_2026_pmid41965349.xml	mrna_antibody;mrna_tf_reprogramming	downloaded
mrna_antibody	Zhu C, Wang J, Rahman MM et al.	Tumor mRNA-lipid nanoparticles via chimeric nanobody-lipid co-assembly	Theranostics	2026	41346710	10.7150/thno.123633	PMC12674939	https://pmc.ncbi.nlm.nih.gov/articles/PMC12674939/	pdfs/zhu_2026_pmid41346710.pdf	fulltext/zhu_2026_pmid41346710.xml	mrna_antibody	downloaded
mrna_antibody	Zhu Z, Li J, Lu Q et al.	A novel CLDN6 nanobody-based bispecific T-cell engager delivered by self-amplifying RNA platform exhibits potent antitumor efficacy	Journal of nanobiotechnology	2026	41882748	10.1186/s12951-026-04319-z	PMC13141281	https://pmc.ncbi.nlm.nih.gov/articles/PMC13141281/		fulltext/zhu_2026_pmid41882748.xml	mrna_antibody;mrna_cytokine;sarna_replicon;lnp_engineering	fulltext_xml
mrna_antibody	Chen J, Cen Q, Hu R et al.	Administration of lipid nanoparticle-encapsulated mRNA encoding CCR7, CXCL16 and GITRL effectively mobilizes antitumor T cell immunity	International journal of biological macromolecules	2025	40451345	10.1016/j.ijbiomac.2025.144766		https://doi.org/10.1016/j.ijbiomac.2025.144766			mrna_antibody	metadata_only
mrna_antibody	Chu WM, Ma L, Hew B et al.	Immunotherapy against colorectal cancer via delivery of anti-PD-L1 nanobody mRNA	eGastroenterology	2025	41098802	10.1136/egastro-2024-100106	PMC12519438	https://pmc.ncbi.nlm.nih.gov/articles/PMC12519438/		fulltext/chu_2025_pmid41098802.xml	mrna_antibody;lnp_engineering	fulltext_xml
mrna_antibody	Escudé Martinez de Castilla P, Verdi V, de Voogt W et al.	Nanobody-Decorated Lipid Nanoparticles for Enhanced mRNA Delivery to Tumors In Vivo	Advanced healthcare materials	2025	40613352	10.1002/adhm.202500605	PMC12447046	https://pmc.ncbi.nlm.nih.gov/articles/PMC12447046/	pdfs/escud_2025_pmid40613352.pdf	fulltext/escud_2025_pmid40613352.xml	mrna_antibody;lnp_engineering	downloaded
mrna_antibody	Huang Y, Liu S, Zhang X et al.	Organ-specific delivery of an mRNA-encoded bispecific T cell engager targeting glypican-3 in hepatocellular carcinoma	Nature communications	2025	41397962	10.1038/s41467-025-66087-y	PMC12705655	https://pmc.ncbi.nlm.nih.gov/articles/PMC12705655/		fulltext/huang_2025_pmid41397962.xml	mrna_antibody;lnp_engineering;clinical	fulltext_xml
mrna_antibody	Niu D, Ma X, Zhu J et al.	Local delivery of IL-15 and anti-PD-L1 nanobody by in vitro-transcribed circILNb elicits superior antitumor immunity in cold tumors	Cell reports. Medicine	2025	41075789	10.1016/j.xcrm.2025.102413	PMC12629784	https://pmc.ncbi.nlm.nih.gov/articles/PMC12629784/		fulltext/niu_2025_pmid41075789.xml	mrna_antibody;mrna_cytokine;circrna	fulltext_xml
mrna_antibody	Park W, Choi J, Hwang J et al.	Apolipoprotein Fusion Enables Spontaneous Functionalization of mRNA Lipid Nanoparticles with Antibody for Targeted Cancer Therapy	ACS nano	2025	39908463	10.1021/acsnano.4c16562	PMC11841042	https://pmc.ncbi.nlm.nih.gov/articles/PMC11841042/	pdfs/park_2025_pmid39908463.pdf	fulltext/park_2025_pmid39908463.xml	mrna_antibody;mrna_tumor_suppressor	downloaded
mrna_antibody	Hu L, Zhang S, Sienkiewicz J et al.	HER2-CD3-Fc Bispecific Antibody-Encoding mRNA Delivered by Lipid Nanoparticles Suppresses HER2-Positive Tumor Growth	Vaccines	2024	39066446	10.3390/vaccines12070808	PMC11281407	https://pmc.ncbi.nlm.nih.gov/articles/PMC11281407/		fulltext/hu_2024_pmid39066446.xml	mrna_antibody;mrna_cytokine	fulltext_xml
mrna_antibody	Golubovskaya V, Sienkiewicz J, Sun J et al.	mRNA-Lipid Nanoparticle (LNP) Delivery of Humanized EpCAM-CD3 Bispecific Antibody Significantly Blocks Colorectal Cancer Tumor Growth	Cancers	2023	37345198	10.3390/cancers15102860	PMC10216523	https://pmc.ncbi.nlm.nih.gov/articles/PMC10216523/		fulltext/golubovskaya_2023_pmid37345198.xml	mrna_antibody;mrna_cytokine	fulltext_xml
mrna_antibody	Huang C, Duan X, Wang J et al.	Lipid Nanoparticle Delivery System for mRNA Encoding B7H3-redirected Bispecific Antibody Displays Potent Antitumor Effects on Malignant Tumors	Advanced science (Weinheim, Baden-Wurttemberg, Germany)	2023	36403209	10.1002/advs.202205532	PMC9875623	https://pmc.ncbi.nlm.nih.gov/articles/PMC9875623/		fulltext/huang_2023_pmid36403209.xml	mrna_antibody;lnp_engineering	fulltext_xml
mrna_antibody	Wang Y, Tiruthani K, Li S et al.	mRNA Delivery of a Bispecific Single-Domain Antibody to Polarize Tumor-Associated Macrophages and Synergize Immunotherapy against Liver Malignancies	Advanced materials (Deerfield Beach, Fla.)	2021	33945178	10.1002/adma.202007603	PMC8240965	https://pmc.ncbi.nlm.nih.gov/articles/PMC8240965/			mrna_antibody;lnp_engineering	metadata_only
mrna_antibody	Wu L, Wang W, Tian J et al.	Engineered mRNA-expressed bispecific antibody prevent intestinal cancer via lipid nanoparticle delivery	Bioengineered	2021	34895063	10.1080/21655979.2021.2003666	PMC8810065	https://pmc.ncbi.nlm.nih.gov/articles/PMC8810065/		fulltext/wu_2021_pmid34895063.xml	mrna_antibody	fulltext_xml
mrna_cytokine	Gupta A, Das R, Reed K et al.	Immune-remodeling mRNAs expressing IRF8 or NIK generate durable antitumor immunity in multiple cancer models	Nature biotechnology	2026	42129506	10.1038/s41587-026-03115-2	PMC13242704	https://pmc.ncbi.nlm.nih.gov/articles/PMC13242704/			mrna_cytokine;mrna_tf_reprogramming	metadata_only
mrna_cytokine	Hu G, Ye R, Li Z et al.	A low-toxicity circular single-stranded DNA platform for safe and potent IL-12 immunotherapy against hepatocellular carcinoma	Journal of nanobiotechnology	2026	41896926	10.1186/s12951-026-04273-w		https://doi.org/10.1186/s12951-026-04273-w			mrna_cytokine;mrna_tumor_suppressor;circrna	metadata_only
mrna_cytokine	Kaskow JA, Treese J, Gaenko A et al.	A multivalent peptide-polymer conjugate material mimics STING to therapeutically activate innate immune signaling	bioRxiv : the preprint server for biology	2026	41928973	10.64898/2026.03.24.712780	PMC13042065	https://pmc.ncbi.nlm.nih.gov/articles/PMC13042065/			mrna_cytokine;mrna_tf_reprogramming;lnp_engineering	metadata_only
mrna_cytokine	Lee YS, Lee J, Lee Y et al.	A novel mRNA-based multi-cytokine strategy to reprogram the peritoneal tumor microenvironment in ovarian cancer	Journal of nanobiotechnology	2026	42116169	10.1186/s12951-026-04543-7		https://doi.org/10.1186/s12951-026-04543-7			mrna_cytokine;mrna_tf_reprogramming	metadata_only
mrna_cytokine	Luo PK, Chang WA, Peng SY et al.	"Endogenous macrophages as ""Trojan horses"" for targeted oral delivery of mRNA-encoded cytokines in tumor microenvironment immunotherapy"	Biomaterials	2026	40803233	10.1016/j.biomaterials.2025.123620		https://doi.org/10.1016/j.biomaterials.2025.123620			mrna_cytokine;mrna_tf_reprogramming	metadata_only
mrna_cytokine	Marschhofer M, Chen S, Molbay M et al.	Optimized lipid nanoparticles for pulmonary delivery of CRISPR/Cas9 targeting KRAS G12S in lung cancer	Journal of controlled release : official journal of the Controlled Release Society	2026	41506374	10.1016/j.jconrel.2026.114607		https://doi.org/10.1016/j.jconrel.2026.114607			mrna_cytokine;gene_editing;lnp_engineering	metadata_only
mrna_cytokine	Niu D, Zhang S, Ma X et al.	Intratumoral Administration of Engineered circRNAs Encoding Cytosine Deaminase-Uracil Phosphoribosyltransferase and IL-15 Elicits Superior Antitumor Efficacy	Molecular cancer therapeutics	2026	41027739	10.1158/1535-7163.MCT-25-0356		https://doi.org/10.1158/1535-7163.MCT-25-0356			mrna_cytokine;circrna;suicide_enzyme_toxin	metadata_only
mrna_cytokine	Shi Q, Gong N, Wang J et al.	Prodrug-tethered lipid nanoparticles for synergistic messenger RNA cancer immunotherapy	Nature nanotechnology	2026	41851499	10.1038/s41565-025-02102-z		https://doi.org/10.1038/s41565-025-02102-z			mrna_cytokine;suicide_enzyme_toxin;lnp_engineering	metadata_only
mrna_cytokine	Sweis RF, Long GV, Daud A et al.	Lipid Nanoparticle-encapsulated mRNA-2752 Encoding Human OX40L, IL-23, and IL-36γ Plus Durvalumab Induces an Immunostimulatory Effect Within the Tumor Microenvironment in Patients with Advanced Solid Tumors	Clinical cancer research : an official journal of the American Association for Cancer Research	2026	42149124	10.1158/1078-0432.CCR-25-4643		https://doi.org/10.1158/1078-0432.CCR-25-4643			mrna_cytokine;clinical	metadata_only
mrna_cytokine	Tian Z, Wang X, Chatterjee S et al.	'Tripod-like' lung-targeting (LuT) lipids for highly efficient and selective LNPs for gene delivery and editing	Nature biomedical engineering	2026	41845088	10.1038/s41551-026-01615-9		https://doi.org/10.1038/s41551-026-01615-9			mrna_cytokine;gene_editing;lnp_engineering	metadata_only
mrna_cytokine	Wang Y, Chen G, Wang Y et al.	Peptide modified lipid nanoparticles Co-Delivering IL-12 mRNA and PD-L1 siRNA for glioblastoma immunotherapy	International journal of pharmaceutics	2026	42055150	10.1016/j.ijpharm.2026.126917		https://doi.org/10.1016/j.ijpharm.2026.126917			mrna_cytokine	metadata_only
mrna_cytokine	Chen Z, Ren A, Li Y et al.	mRNA-laden lipid nanoparticle-enabled humanized CD19 CAR-T-cell engineering for the eradication of leukaemic cells	British journal of haematology	2025	39761676	10.1111/bjh.19988	PMC11829146	https://pmc.ncbi.nlm.nih.gov/articles/PMC11829146/		fulltext/chen_2025_pmid39761676.xml	mrna_cytokine	fulltext_xml
mrna_cytokine	Deng Z, Tian Y, Wang J et al.	Enhanced Antitumor Immunity Through T Cell Activation with Optimized Tandem Double-OX40L mRNAs	International journal of nanomedicine	2025	40125432	10.2147/IJN.S479434	PMC11930255	https://pmc.ncbi.nlm.nih.gov/articles/PMC11930255/	pdfs/deng_2025_pmid40125432.pdf	fulltext/deng_2025_pmid40125432.xml	mrna_cytokine;lnp_engineering	downloaded
mrna_cytokine	Fick K, Kerns N, Zhao Y et al.	Lipid nanoparticle-delivered IFNα2 activates Cxcl9 to increase T cell tumor recruitment to suppress lung metastasis	Journal for immunotherapy of cancer	2025	40750105	10.1136/jitc-2024-011415	PMC12314986	https://pmc.ncbi.nlm.nih.gov/articles/PMC12314986/		fulltext/fick_2025_pmid40750105.xml	mrna_cytokine;lnp_engineering	fulltext_xml
mrna_cytokine	Jiang T, Jing S, Li H et al.	Localized Delivery of the mRNAs Encoding CD47 Inhibitor and Interleukins 12, 15, and 21 Elicits Robust Antitumor Immunity	Advanced science (Weinheim, Baden-Wurttemberg, Germany)	2025	40652522	10.1002/advs.202417205	PMC12499455	https://pmc.ncbi.nlm.nih.gov/articles/PMC12499455/		fulltext/jiang_2025_pmid40652522.xml	mrna_cytokine	fulltext_xml
mrna_cytokine	Lehrich BM, Delgado ER, Yasaka TM et al.	Precision targeting of β-catenin induces tumor reprogramming and immunity in hepatocellular cancers	Nature communications	2025	40442146	10.1038/s41467-025-60457-2	PMC12122713	https://pmc.ncbi.nlm.nih.gov/articles/PMC12122713/	pdfs/lehrich_2025_pmid40442146.pdf	fulltext/lehrich_2025_pmid40442146.xml	mrna_cytokine;mrna_tf_reprogramming;clinical	downloaded
mrna_cytokine	Li H, Lu J, Tan S et al.	In Situ Delivery of Gasdermin E mRNA Promotes Antitumor Immunity via Creatine-Elicited Type I Interferon Signaling in Monocytes	Cancer immunology research	2025	40168141	10.1158/2326-6066.CIR-24-0834		https://doi.org/10.1158/2326-6066.CIR-24-0834			mrna_cytokine;suicide_enzyme_toxin;mrna_tf_reprogramming	metadata_only
mrna_cytokine	Li Y, Gan J, Lei J et al.	Catalytic Hybrid Lipid Nanoparticles Potentiate Circle RNA-Based Cytokine Immunotherapy	ACS nano	2025	39977421	10.1021/acsnano.4c14517		https://doi.org/10.1021/acsnano.4c14517			mrna_cytokine;circrna	metadata_only
mrna_cytokine	Li Y, Wu J, Li N et al.	Cascade amplification of therapeutic payloads for cancer immunotherapy	Communications biology	2025	40851032	10.1038/s42003-025-08735-z	PMC12375736	https://pmc.ncbi.nlm.nih.gov/articles/PMC12375736/	pdfs/li_2025_pmid40851032.pdf	fulltext/li_2025_pmid40851032.xml	mrna_cytokine;mrna_tumor_suppressor;sarna_replicon	downloaded
mrna_cytokine	Lin X, Wei L, Li X et al.	Pia Mater-Penetrable Lipopolymer Nanoparticles for Gliocyte-Targeted IL-10 mRNA Therapy Alleviate Paclitaxel-Induced Peripheral Neuropathy	Advanced science (Weinheim, Baden-Wurttemberg, Germany)	2025	40364590	10.1002/advs.202500362	PMC12199344	https://pmc.ncbi.nlm.nih.gov/articles/PMC12199344/		fulltext/lin_2025_pmid40364590.xml	mrna_cytokine	fulltext_xml
mrna_cytokine	Qiu X, Yang Y, Ma Q et al.	Thioketal-Incorporated Biodegradable Lipid Nanoparticles Deliver mRNA to Ductal Epithelial Cells for Improved Pancreatic Cancer Treatment	Journal of the American Chemical Society	2025	41263336	10.1021/jacs.5c19387		https://doi.org/10.1021/jacs.5c19387			mrna_cytokine;lnp_engineering	metadata_only
mrna_cytokine	Ren L, Zhao Z, Chao Y et al.	Optimization of Lipid Nanoparticles with Robust Efficiency for the Delivery of Protein Therapeutics to Augment Cancer Immunotherapy	Advanced science (Weinheim, Baden-Wurttemberg, Germany)	2025	40056044	10.1002/advs.202500844	PMC12061287	https://pmc.ncbi.nlm.nih.gov/articles/PMC12061287/		fulltext/ren_2025_pmid40056044.xml	mrna_cytokine;gene_editing;lnp_engineering	fulltext_xml
mrna_cytokine	Shen Q, Liu J, Zeng L et al.	Pancreas-targeted lipid nanoparticles for relatively non-invasive interleukin-12 mRNA therapy in orthotopic pancreatic ductal adenocarcinoma	Journal of controlled release : official journal of the Controlled Release Society	2025	40032009	10.1016/j.jconrel.2025.113588		https://doi.org/10.1016/j.jconrel.2025.113588			mrna_cytokine;mrna_tf_reprogramming;lnp_engineering	metadata_only
mrna_cytokine	Yadava SK, Tripathi A, Kabilan M et al.	Surface-engineered robust hybrid lipid nanocapsules: A next-generation nanoplatform for mRNA delivery	Journal of controlled release : official journal of the Controlled Release Society	2025	41083010	10.1016/j.jconrel.2025.114312		https://doi.org/10.1016/j.jconrel.2025.114312			mrna_cytokine	metadata_only
mrna_cytokine	Yang C, Zhang L, Yang Y et al.	Systemic Delivery of an mRNA-Encoding, Tumor-Activated Interleukin-12 Lock to Eliminate Tumors and Avoid Immune-Related Adverse Events	Nano letters	2025	40928825	10.1021/acs.nanolett.5c03454		https://doi.org/10.1021/acs.nanolett.5c03454			mrna_cytokine	metadata_only
mrna_cytokine	Yang K, Bai B, Li X et al.	Coordinating interleukin-2 encoding circRNA with immunomodulatory lipid nanoparticles to potentiate cancer immunotherapy	Science advances	2025	40009662	10.1126/sciadv.adn7256	PMC11864171	https://pmc.ncbi.nlm.nih.gov/articles/PMC11864171/		fulltext/yang_2025_pmid40009662.xml	mrna_cytokine;circrna	fulltext_xml
mrna_cytokine	Yu J, Li Q, Zhang C et al.	Targeted LNPs deliver IL-15 superagonists mRNA for precision cancer therapy	Biomaterials	2025	39742840	10.1016/j.biomaterials.2024.123047		https://doi.org/10.1016/j.biomaterials.2024.123047			mrna_cytokine	metadata_only
mrna_cytokine	Zhao X, Zhang Y, Wang X et al.	Multivalent ionizable lipid-polypeptides for tumor-confined mRNA transfection	Bioactive materials	2025	39850023	10.1016/j.bioactmat.2024.12.032	PMC11754973	https://pmc.ncbi.nlm.nih.gov/articles/PMC11754973/		fulltext/zhao_2025_pmid39850023.xml	mrna_cytokine;lnp_engineering	fulltext_xml
mrna_cytokine	Chen X, Gong L, Wang Y et al.	IL-23 inhibitor enhances the effects of PTEN DNA-loaded lipid nanoparticles for metastatic CRPC therapy	Frontiers in pharmacology	2024	38898927	10.3389/fphar.2024.1388613	PMC11186457	https://pmc.ncbi.nlm.nih.gov/articles/PMC11186457/		fulltext/chen_2024_pmid38898927.xml	mrna_cytokine;mrna_tumor_suppressor	fulltext_xml
mrna_cytokine	Hamouda AEI, Filtjens J, Brabants E et al.	Intratumoral delivery of lipid nanoparticle-formulated mRNA encoding IL-21, IL-7, and 4-1BBL induces systemic anti-tumor immunity	Nature communications	2024	39639025	10.1038/s41467-024-54877-9	PMC11621563	https://pmc.ncbi.nlm.nih.gov/articles/PMC11621563/	pdfs/hamouda_2024_pmid39639025.pdf	fulltext/hamouda_2024_pmid39639025.xml	mrna_cytokine;lnp_engineering	downloaded
mrna_cytokine	Hughson AL, Hannon G, Salama NA et al.	Integrating IL-12 mRNA nanotechnology with SBRT eliminates T cell exhaustion in preclinical models of pancreatic cancer	Molecular therapy. Nucleic acids	2024	39469666	10.1016/j.omtn.2024.102350	PMC11513558	https://pmc.ncbi.nlm.nih.gov/articles/PMC11513558/		fulltext/hughson_2024_pmid39469666.xml	mrna_cytokine;clinical	fulltext_xml
mrna_cytokine	Jiang Y, Zhang Y, Liu C et al.	Tumor-activated IL-2 mRNA delivered by lipid nanoparticles for cancer immunotherapy	Journal of controlled release : official journal of the Controlled Release Society	2024	38492862	10.1016/j.jconrel.2024.03.016		https://doi.org/10.1016/j.jconrel.2024.03.016			mrna_cytokine;lnp_engineering	metadata_only
mrna_cytokine	Li Z, Hu L, Wang Y et al.	Local administration of mRNA encoding cytokine cocktail confers potent anti-tumor immunity	Frontiers in immunology	2024	39290693	10.3389/fimmu.2024.1455019	PMC11406011	https://pmc.ncbi.nlm.nih.gov/articles/PMC11406011/		fulltext/li_2024_pmid39290693.xml	mrna_cytokine	fulltext_xml
mrna_cytokine	Liu H, Du Y, Zhan D et al.	Oxaliplatin lipidated prodrug synergistically enhances the anti-colorectal cancer effect of IL12 mRNA	Drug delivery and translational research	2024	38457025	10.1007/s13346-024-01540-x		https://doi.org/10.1007/s13346-024-01540-x			mrna_cytokine;suicide_enzyme_toxin;lnp_engineering	metadata_only
mrna_cytokine	Ma L, Ma Y, Gao Q et al.	Mulberry Leaf Lipid Nanoparticles: a Naturally Targeted CRISPR/Cas9 Oral Delivery Platform for Alleviation of Colon Diseases	Small (Weinheim an der Bergstrasse, Germany)	2024	38243871	10.1002/smll.202307247		https://doi.org/10.1002/smll.202307247			mrna_cytokine;gene_editing	metadata_only
mrna_cytokine	Wang B, Tang M, Chen Q et al.	Delivery of mRNA Encoding Interleukin-12 and a Stimulator of Interferon Genes Agonist Potentiates Antitumor Efficacy through Reversing T Cell Exhaustion	ACS nano	2024	38832815	10.1021/acsnano.4c00063		https://doi.org/10.1021/acsnano.4c00063			mrna_cytokine;mrna_tf_reprogramming	metadata_only
mrna_cytokine	Wang Z, Chen Y, Wu H et al.	Intravenous administration of IL-12 encoding self-replicating RNA-lipid nanoparticle complex leads to safe and effective antitumor responses	Scientific reports	2024	38548896	10.1038/s41598-024-57997-w	PMC10978917	https://pmc.ncbi.nlm.nih.gov/articles/PMC10978917/		fulltext/wang_2024_pmid38548896.xml	mrna_cytokine;sarna_replicon	fulltext_xml
mrna_cytokine	Xu S, Xu Y, Solek NC et al.	Tumor-Tailored Ionizable Lipid Nanoparticles Facilitate IL-12 Circular RNA Delivery for Enhanced Lung Cancer Immunotherapy	Advanced materials (Deerfield Beach, Fla.)	2024	38657273	10.1002/adma.202400307		https://doi.org/10.1002/adma.202400307			mrna_cytokine;circrna;lnp_engineering	metadata_only
mrna_cytokine	Hughson AL, Hannon G, Salama NA et al.	Local Delivery of SBRT and IL12 by mRNA Technology Overcomes Immunosuppressive Barriers to Eliminate Pancreatic Cancer	bioRxiv : the preprint server for biology	2023	37961513	10.1101/2023.10.30.564833	PMC10635000	https://pmc.ncbi.nlm.nih.gov/articles/PMC10635000/			mrna_cytokine	metadata_only
mrna_cytokine	Ju H, Kim D, Oh YK	Lipid nanoparticle-mediated CRISPR/Cas9 gene editing and metabolic engineering for anticancer immunotherapy	Asian journal of pharmaceutical sciences	2022	36382304	10.1016/j.ajps.2022.07.005	PMC9640370	https://pmc.ncbi.nlm.nih.gov/articles/PMC9640370/		fulltext/ju_2022_pmid36382304.xml	mrna_cytokine;gene_editing;lnp_engineering	fulltext_xml
mrna_cytokine	Liu JQ, Zhang C, Zhang X et al.	Intratumoral delivery of IL-12 and IL-27 mRNA using lipid nanoparticles for cancer immunotherapy	Journal of controlled release : official journal of the Controlled Release Society	2022	35301053	10.1016/j.jconrel.2022.03.021	PMC9133152	https://pmc.ncbi.nlm.nih.gov/articles/PMC9133152/			mrna_cytokine;lnp_engineering	metadata_only
mrna_cytokine	Li Y, Su Z, Zhao W et al.	Multifunctional oncolytic nanoparticles deliver self-replicating IL-12 RNA to eliminate established tumors and prime systemic immunity	Nature cancer	2020	34447945	10.1038/s43018-020-0095-6	PMC8386348	https://pmc.ncbi.nlm.nih.gov/articles/PMC8386348/			mrna_cytokine;sarna_replicon	metadata_only
mrna_cytokine	Lai I, Swaminathan S, Baylot V et al.	Lipid nanoparticles that deliver IL-12 messenger RNA suppress tumorigenesis in MYC oncogene-driven hepatocellular carcinoma	Journal for immunotherapy of cancer	2018	30458889	10.1186/s40425-018-0431-x	PMC6247677	https://pmc.ncbi.nlm.nih.gov/articles/PMC6247677/		fulltext/lai_2018_pmid30458889.xml	mrna_cytokine	fulltext_xml
mrna_tf_reprogramming	Duan X, Huang H, Liu S et al.	Reprogramming mRNA Delivery Tropism via Nitrogen-To-Sulfur Substitution in Ionizable Lipids	Advanced materials (Deerfield Beach, Fla.)	2026	41386688	10.1002/adma.202509471		https://doi.org/10.1002/adma.202509471			mrna_tf_reprogramming;lnp_engineering	metadata_only
mrna_tf_reprogramming	Ge H, Wang K, Chen L et al.	Enforced BATF expression via clinically approved LNPs enhances adoptive T-cell therapies	Blood science (Baltimore, Md.)	2026	42245679	10.1097/BS9.0000000000000291	PMC13232917	https://pmc.ncbi.nlm.nih.gov/articles/PMC13232917/		fulltext/ge_2026_pmid42245679.xml	mrna_tf_reprogramming	fulltext_xml
mrna_tf_reprogramming	Ko S, Bae GH, Koh EY et al.	Biomimetic lipid nanoparticles for macrophage reprogramming in cancer immunotherapy	Journal of controlled release : official journal of the Controlled Release Society	2026	42173448	10.1016/j.jconrel.2026.115039		https://doi.org/10.1016/j.jconrel.2026.115039			mrna_tf_reprogramming	metadata_only
mrna_tf_reprogramming	Li H, Lyu C, Cai X et al.	In situ reprogramming of CAR-alveolar macrophages via liposomal nanomedicine for lung cancer immunotherapy	Nature communications	2026	42285952	10.1038/s41467-026-74162-1		https://doi.org/10.1038/s41467-026-74162-1			mrna_tf_reprogramming	metadata_only
mrna_tf_reprogramming	Wang JM, Zhao FY, Zhang Q et al.	Reprogramming Transcriptional Networks via CREB1 Lactylation at K122 Activates HMGB1-Mediated NETosis and Chemoresistance	International journal of biological sciences	2026	42212318	10.7150/ijbs.131303	PMC13215458	https://pmc.ncbi.nlm.nih.gov/articles/PMC13215458/		fulltext/wang_2026_pmid42212318.xml	mrna_tf_reprogramming;lnp_engineering	fulltext_xml
mrna_tf_reprogramming	Wang-Bishop L, Wehbe M, Pastora LE et al.	Nanoparticle Retinoic Acid-Inducible Gene I Agonist for Cancer Immunotherapy	ACS nano	2024	38652829	10.1021/acsnano.3c06225	PMC11080455	https://pmc.ncbi.nlm.nih.gov/articles/PMC11080455/		fulltext/wang_bishop_2024_pmid38652829.xml	mrna_tf_reprogramming;lnp_engineering	fulltext_xml
mrna_tumor_suppressor	Chen Z, Yang Z, Wang C et al.	Stiffness-Gated Cytoplasmic mRNA Delivery Through Engineered Membrane Fusion for Breast Cancer Immunotherapy	Advanced materials (Deerfield Beach, Fla.)	2026	41546399	10.1002/adma.202518208		https://doi.org/10.1002/adma.202518208			mrna_tumor_suppressor	metadata_only
mrna_tumor_suppressor	Dong S, Pan Z, Zhu M et al.	Intravitreal delivery of LATS1 mRNA by lipid nanoparticles as an effective strategy for uveal melanoma therapy	Journal of controlled release : official journal of the Controlled Release Society	2026	41786044	10.1016/j.jconrel.2026.114784		https://doi.org/10.1016/j.jconrel.2026.114784			mrna_tumor_suppressor;lnp_engineering	metadata_only
mrna_tumor_suppressor	Goo YT, Cataldi VN, Grigoriev V et al.	Single-ligand dual-targeting lipid nanoparticles for therapeutic mRNA delivery to glioblastoma across the blood-brain barrier	Journal of controlled release : official journal of the Controlled Release Society	2026	42297114	10.1016/j.jconrel.2026.115107		https://doi.org/10.1016/j.jconrel.2026.115107			mrna_tumor_suppressor;lnp_engineering	metadata_only
mrna_tumor_suppressor	Hu B, Wu P, Zheng L et al.	Suppression of PARP1 enhances PTEN mRNA therapy in castration-resistant prostate cancer by glycolysis disruption	Molecular therapy. Oncology	2026	41696631	10.1016/j.omton.2026.201133	PMC12905993	https://pmc.ncbi.nlm.nih.gov/articles/PMC12905993/		fulltext/hu_2026_pmid41696631.xml	mrna_tumor_suppressor;lnp_engineering	fulltext_xml
mrna_tumor_suppressor	Kim M, Piao Z, Huh J et al.	Phosphatase and tensin homolog mRNA complexed with hyaluronated lipid nanoparticles for transdermal cancer immunotherapy	Journal of controlled release : official journal of the Controlled Release Society	2026	41386375	10.1016/j.jconrel.2025.114518		https://doi.org/10.1016/j.jconrel.2025.114518			mrna_tumor_suppressor	metadata_only
mrna_tumor_suppressor	Liao Y, Zeng X, Zhang X et al.	Optimized Lipid Nanoparticles for Co-Delivery of mRNA and siRNA Therapeutics in Refractory Liver Cancer	Advanced materials (Deerfield Beach, Fla.)	2026	41510588	10.1002/adma.202519473		https://doi.org/10.1002/adma.202519473			mrna_tumor_suppressor;lnp_engineering	metadata_only
mrna_tumor_suppressor	Zeng J, Cao Z, Wang C et al.	Intravesical Delivery of P21 mRNA-Loaded Lipid Nanoparticles as a Tumor Suppressor Replacement Therapy for Bladder Cancer	FASEB journal : official publication of the Federation of American Societies for Experimental Biology	2026	42144924	10.1096/fj.202600049R	PMC13181305	https://pmc.ncbi.nlm.nih.gov/articles/PMC13181305/		fulltext/zeng_2026_pmid42144924.xml	mrna_tumor_suppressor	fulltext_xml
mrna_tumor_suppressor	Farokhzad RA, Luo J, Jia L et al.	Lipid Nanoparticle Delivery of mRNA and siRNA for Concurrent Restoration of Tumor Suppressor and Inhibition of Tumorigenic Driver in Prostate Cancer	ACS nanoscience Au	2025	40862077	10.1021/acsnanoscienceau.4c00066	PMC12371500	https://pmc.ncbi.nlm.nih.gov/articles/PMC12371500/		fulltext/farokhzad_2025_pmid40862077.xml	mrna_tumor_suppressor;mrna_tf_reprogramming;lnp_engineering	fulltext_xml
mrna_tumor_suppressor	Hu Y, He X, Chen P et al.	Lung-targeted delivery of PTEN mRNA combined with anti-PD-1-mediated immunotherapy for In Situ lung cancer treatment	Acta biomaterialia	2025	39875000	10.1016/j.actbio.2025.01.040		https://doi.org/10.1016/j.actbio.2025.01.040			mrna_tumor_suppressor;lnp_engineering	metadata_only
mrna_tumor_suppressor	Wang NN, Luo R, Ji ZH et al.	mRNA nanomedicine reprograms the cell cycle to increase the effectiveness of targeted therapy for HER2-low breast cancers	Journal of controlled release : official journal of the Controlled Release Society	2025	41183572	10.1016/j.jconrel.2025.114383		https://doi.org/10.1016/j.jconrel.2025.114383			mrna_tumor_suppressor	metadata_only
mrna_tumor_suppressor	Kim SS, Moghe M, Rait A et al.	SMARCB1 Gene Therapy Using a Novel Tumor-Targeted Nanomedicine Enhances Anti-Cancer Efficacy in a Mouse Model of Atypical Teratoid Rhabdoid Tumors	International journal of nanomedicine	2024	38895149	10.2147/IJN.S458323	PMC11185260	https://pmc.ncbi.nlm.nih.gov/articles/PMC11185260/		fulltext/kim_2024_pmid38895149.xml	mrna_tumor_suppressor	fulltext_xml
mrna_tumor_suppressor	Kim Y, Choi J, Kim EH et al.	Design of PD-L1-Targeted Lipid Nanoparticles to Turn on PTEN for Efficient Cancer Therapy	Advanced science (Weinheim, Baden-Wurttemberg, Germany)	2024	38520717	10.1002/advs.202309917	PMC11165541	https://pmc.ncbi.nlm.nih.gov/articles/PMC11165541/		fulltext/kim_2024_pmid38520717.xml	mrna_tumor_suppressor;lnp_engineering	fulltext_xml
mrna_tumor_suppressor	Li W, Huang M, Wu Z et al.	mRNA-Lipid Nanoparticle-Mediated Restoration of PTPN14 Exhibits Antitumor Effects by Overcoming Anoikis Resistance in Triple-Negative Breast Cancer	Advanced science (Weinheim, Baden-Wurttemberg, Germany)	2024	39189475	10.1002/advs.202309988	PMC11348215	https://pmc.ncbi.nlm.nih.gov/articles/PMC11348215/		fulltext/li_2024_pmid39189475.xml	mrna_tumor_suppressor;gene_editing	fulltext_xml
mrna_tumor_suppressor	Reznik SE, Tiwari AK, Chavda V et al.	The delivery of N-myc downstream-regulated gene 2 (NDRG2) self-amplifying mRNA via modified lipid nanoparticles as a potential treatment for drug-resistant and metastatic cancers	Medical review (2021)	2024	38919399	10.1515/mr-2024-0004	PMC11195423	https://pmc.ncbi.nlm.nih.gov/articles/PMC11195423/		fulltext/reznik_2024_pmid38919399.xml	mrna_tumor_suppressor;sarna_replicon	fulltext_xml
mrna_tumor_suppressor	Saraswat A, Vemana HP, Dukhande V et al.	Novel gene therapy for drug-resistant melanoma: Synergistic combination of PTEN plasmid and BRD4 PROTAC-loaded lipid nanocarriers	Molecular therapy. Nucleic acids	2024	39238805	10.1016/j.omtn.2024.102292	PMC11374965	https://pmc.ncbi.nlm.nih.gov/articles/PMC11374965/		fulltext/saraswat_2024_pmid39238805.xml	mrna_tumor_suppressor	fulltext_xml
mrna_tumor_suppressor	Korzun T, Moses AS, Kim J et al.	Nanoparticle-Based Follistatin Messenger RNA Therapy for Reprogramming Metastatic Ovarian Cancer and Ameliorating Cancer-Associated Cachexia	Small (Weinheim an der Bergstrasse, Germany)	2022	36098251	10.1002/smll.202204436	PMC9633376	https://pmc.ncbi.nlm.nih.gov/articles/PMC9633376/			mrna_tumor_suppressor;mrna_tf_reprogramming	metadata_only
mrna_tumor_suppressor	Tang Q, Liu J, Jiang Y et al.	Cell-Selective Messenger RNA Delivery and CRISPR/Cas9 Genome Editing by Modulating the Interface of Phenylboronic Acid-Derived Lipid Nanoparticles and Cellular Surface Sialic Acid	ACS applied materials & interfaces	2019	31763806	10.1021/acsami.9b17749		https://doi.org/10.1021/acsami.9b17749			mrna_tumor_suppressor;gene_editing	metadata_only
mrna_tumor_suppressor	Ren S, Kang MR, Wang J et al.	Targeted induction of endogenous NKX3-1 by small activating RNA inhibits prostate tumor growth	The Prostate	2013	23836514	10.1002/pros.22709		https://doi.org/10.1002/pros.22709			mrna_tumor_suppressor;sarna_replicon	metadata_only
mrna_tumor_suppressor	Place RF, Wang J, Noonan EJ et al.	Formulation of Small Activating RNA Into Lipidoid Nanoparticles Inhibits Xenograft Prostate Tumor Growth by Inducing p21 Expression	Molecular therapy. Nucleic acids	2012	23343884	10.1038/mtna.2012.5	PMC3381590	https://pmc.ncbi.nlm.nih.gov/articles/PMC3381590/		fulltext/place_2012_pmid23343884.xml	mrna_tumor_suppressor;sarna_replicon;lnp_engineering	fulltext_xml
mrna_tumor_suppressor	Choi SH, Jin SE, Lee MK et al.	Novel cationic solid lipid nanoparticles enhanced p53 gene transfer to lung cancer cells	European journal of pharmaceutics and biopharmaceutics : official journal of Arbeitsgemeinschaft fur Pharmazeutische Verfahrenstechnik e.V	2008	17881199	10.1016/j.ejpb.2007.07.011		https://doi.org/10.1016/j.ejpb.2007.07.011			mrna_tumor_suppressor;lnp_engineering	metadata_only
other	Meng S, Hara T, Sato T et al.	Targeting fibroblast activation protein in solid tumors via LNP-mediated CAR-mRNA delivery promotes durable regression in murine models	Scientific reports	2025	41366016	10.1038/s41598-025-31128-5	PMC12800119	https://pmc.ncbi.nlm.nih.gov/articles/PMC12800119/		fulltext/meng_2025_pmid41366016.xml	other	fulltext_xml
review	Khizar M, Aminpoor H, Zaib M et al.	Nanoparticle-enhanced CRISPR delivery: paving the path for 	Annals of medicine and surgery (2012)	2026	41496934	10.1097/MS9.0000000000004414	PMC12768121	https://pmc.ncbi.nlm.nih.gov/articles/PMC12768121/		fulltext/khizar_2026_pmid41496934.xml	review;gene_editing;clinical	fulltext_xml
review	Lv B, Li L, Liu M et al.	Circular RNAs in cancer immunology: Immune escape, therapeutic resistance, and nanomedicine synergies	Translational oncology	2026	41353994	10.1016/j.tranon.2025.102631	PMC12741295	https://pmc.ncbi.nlm.nih.gov/articles/PMC12741295/		fulltext/lv_2026_pmid41353994.xml	review;mrna_cytokine;circrna	fulltext_xml
review	Vilcot F, Brugère CA, Fuentealba J et al.	In vivo CAR therapies: Turning the patient into their own CAR factory	HemaSphere	2026	42064385	10.1002/hem3.70328	PMC13127696	https://pmc.ncbi.nlm.nih.gov/articles/PMC13127696/		fulltext/vilcot_2026_pmid42064385.xml	review;in_vivo_car;clinical	fulltext_xml
review	Wang S, Kong R, Zhong G et al.	In vivo CAR-T therapy: latest updates from the 2025 ASH annual meeting	Biomarker research	2026	42174685	10.1186/s40364-026-00938-8	PMC13198039	https://pmc.ncbi.nlm.nih.gov/articles/PMC13198039/		fulltext/wang_2026_pmid42174685.xml	review;in_vivo_car	fulltext_xml
review	Xue B, Liu Y, Liang A et al.	Novel non-viral in vivo CAR-T therapies: latest updates from the 2025 ASH annual meeting	Experimental hematology & oncology	2026	41857667	10.1186/s40164-026-00765-5	PMC13003734	https://pmc.ncbi.nlm.nih.gov/articles/PMC13003734/		fulltext/xue_2026_pmid41857667.xml	review;in_vivo_car	fulltext_xml
review	Hunter TL, Bao Y, Zhang Y et al.	In vivo CAR T cell generation to treat cancer and autoimmune disease	Science (New York, N.Y.)	2025	40536974	10.1126/science.ads8473		https://doi.org/10.1126/science.ads8473			review;in_vivo_car;mrna_tf_reprogramming;lnp_engineering	metadata_only
review	Sivamaruthi BS, Kesika P, Vijay N et al.	A Review of Nanoparticle-Mediated Delivery Systems for RNA-Based Therapeutics	Recent patents on nanotechnology	2025	41088907	10.2174/0118722105390493250915211702		https://doi.org/10.2174/0118722105390493250915211702			review;gene_editing;suicide_enzyme_toxin;lnp_engineering	metadata_only
review	Wang C, Wang S, Kang DD et al.	Biomaterials for in situ cell therapy	BMEmat	2023	39574564	10.1002/bmm2.12039	PMC11581612	https://pmc.ncbi.nlm.nih.gov/articles/PMC11581612/			review;mrna_tf_reprogramming	metadata_only
review	Zhang Y, Hou X, Du S et al.	Close the cancer-immunity cycle by integrating lipid nanoparticle-mRNA formulations and dendritic cell therapy	Nature nanotechnology	2023	37500773	10.1038/s41565-023-01453-9	PMC11282451	https://pmc.ncbi.nlm.nih.gov/articles/PMC11282451/			review;mrna_cytokine;mrna_tf_reprogramming;lnp_engineering	metadata_only
sarna_replicon	Hu M, Li Y, Cai Y et al.	A versatile self-amplifying mRNA system consolidates oncolytic virus benefits into a single flexible backbone for cancer therapy	Molecular therapy : the journal of the American Society of Gene Therapy	2026	41486691	10.1016/j.ymthe.2025.12.066	PMC13069331	https://pmc.ncbi.nlm.nih.gov/articles/PMC13069331/			sarna_replicon;lnp_engineering	metadata_only
sarna_replicon	Kang MR, Yang G, Charisse K et al.	An orthotopic bladder tumor model and the evaluation of intravesical saRNA treatment	Journal of visualized experiments : JoVE	2012	22872227	10.3791/4207	PMC3476411	https://pmc.ncbi.nlm.nih.gov/articles/PMC3476411/			sarna_replicon	metadata_only
suicide_enzyme_toxin	Huayamares SG, Lian L, Rab R et al.	Nanoparticle delivery of a prodrug-activating bacterial enzyme leads to anti-tumor responses	Nature communications	2025	40221395	10.1038/s41467-025-58548-1	PMC11993580	https://pmc.ncbi.nlm.nih.gov/articles/PMC11993580/	pdfs/huayamares_2025_pmid40221395.pdf	fulltext/huayamares_2025_pmid40221395.xml	suicide_enzyme_toxin;lnp_engineering	downloaded
suicide_enzyme_toxin	Zhou R, Han L, Wang J et al.	Lipid Nanoparticle-Encapsulated mRNAs Encoding Tumor-Specific Toxin Proteins Selectively Target Cancer Cells and Stimulate T-cell Infiltration	Cancer research	2025	40759030	10.1158/0008-5472.CAN-24-3914		https://doi.org/10.1158/0008-5472.CAN-24-3914			suicide_enzyme_toxin	metadata_only
