axis	evidence	population	settings	treatments	names_entity	authors	title	venue	year	cited	pmid	doi	pmcid	url	local_fulltext	status
core_lph	case_series_or_cohort	unspecified	shunt_dependent_prior	subzero_evd;titrated_evd;shunt_or_valve;active_pump_shunt	yes	Pang D, Altschuler E.	Low-pressure hydrocephalic state and viscoelastic alterations in the brain	Neurosurgery	1994	96	7808607	10.1227/00006123-199410000-00010		https://pubmed.ncbi.nlm.nih.gov/7808607/		metadata_only
core_lph	systematic_review	mixed	lumbar_puncture_or_drain	subzero_evd;titrated_evd;etv;shunt_or_valve	yes	Keough MB, Isaacs AM, Urbaneja G, Dronyk J, Lapointe AP, Hamilton MG.	Acute low-pressure hydrocephalus: a case series and systematic review of 195 patients	Journal of neurosurgery	2021	16	32736355	10.3171/2020.4.jns20476		https://pubmed.ncbi.nlm.nih.gov/32736355/		metadata_only
core_lph	case_series_or_cohort	adult	sah_aneurysm;infection_inflammatory;intraventricular_hemorrhage;aqueductal_obstructive	subzero_evd;shunt_or_valve	yes	Lesniak MS, Clatterbuck RE, Rigamonti D, Williams MA.	Low pressure hydrocephalus and ventriculomegaly: hysteresis, non-linear dynamics, and the benefits of CSF diversion	British journal of neurosurgery	2002	45	12617236	10.1080/02688690209168360		https://pubmed.ncbi.nlm.nih.gov/12617236/		metadata_only
core_lph	case_series_or_cohort	unspecified	sah_aneurysm;intraventricular_hemorrhage;shunt_dependent_prior	shunt_or_valve;elastography_imaging	yes	Czorlich P, Schweingruber N, Göttsche J, Mader MM, Westphal M.	Acute low-pressure hydrocephalus in aneurysmal subarachnoid hemorrhage	Neurosurgical focus	2023	11	37004138	10.3171/2023.1.focus22639		https://pubmed.ncbi.nlm.nih.gov/37004138/		metadata_only
core_lph	case_report	unspecified	skull_base_csf_leak;shunt_dependent_prior	subzero_evd;titrated_evd;neck_wrapping;shunt_or_valve;csf_leak_repair	yes	Filippidis AS, Kalani MY, Nakaji P, Rekate HL.	Negative-pressure and low-pressure hydrocephalus: the role of cerebrospinal fluid leaks resulting from surgical approaches to the cranial base	Journal of neurosurgery	2011	39	21800965	10.3171/2011.6.jns101504		https://pubmed.ncbi.nlm.nih.gov/21800965/		metadata_only
core_lph	case_report	unspecified	sah_aneurysm;tumor_posterior_fossa;infection_inflammatory;shunt_dependent_prior	subzero_evd;titrated_evd;shunt_or_valve;active_pump_shunt	yes	Akins PT, Guppy KH, Axelrod YV, Chakrabarti I, Silverthorn J, Williams AR.	The genesis of low pressure hydrocephalus	Neurocritical care	2011	37	21523524	10.1007/s12028-011-9543-6		https://pubmed.ncbi.nlm.nih.gov/21523524/		metadata_only
core_lph	case_report	unspecified	tumor_posterior_fossa;shunt_dependent_prior	titrated_evd;etv;shunt_or_valve	yes	Rekate HL, Nadkarni TD, Wallace D.	The importance of the cortical subarachnoid space in understanding hydrocephalus	Journal of neurosurgery. Pediatrics	2008	75	18590387	10.3171/ped/2008/2/7/001		https://pubmed.ncbi.nlm.nih.gov/18590387/		metadata_only
core_lph	case_series_or_cohort	unspecified	shunt_dependent_prior	subzero_evd;titrated_evd;shunt_or_valve;active_pump_shunt	yes	Owler BK, Jacobson EE, Johnston IH.	Low pressure hydrocephalus: issues of diagnosis and treatment in five cases	British journal of neurosurgery	2001	26	11599454	10.1080/02688690120072531		https://pubmed.ncbi.nlm.nih.gov/11599454/		metadata_only
core_lph	case_report	pediatric	shunt_dependent_prior	shunt_or_valve	yes	Vassilyadi M, Farmer JP, Montes JL.	Negative-pressure hydrocephalus	Journal of neurosurgery	1995	32	7666227	10.3171/jns.1995.83.3.0486		https://pubmed.ncbi.nlm.nih.gov/7666227/		metadata_only
core_lph	case_series_or_cohort	adult	tumor_posterior_fossa;infection_inflammatory;trauma;shunt_dependent_prior	titrated_evd;shunt_or_valve	yes	Wu X, Zang D, Wu X, Sun Y, Yu J, Hu J.	Diagnosis and Management for Secondary Low- or Negative-Pressure Hydrocephalus and a New Hydrocephalus Classification Based on Ventricular Pressure	World neurosurgery	2019	14	30611954	10.1016/j.wneu.2018.12.123		https://pubmed.ncbi.nlm.nih.gov/30611954/		metadata_only
core_lph	review	pediatric	lumbar_puncture_or_drain	shunt_or_valve;csf_leak_repair	yes	Smalley ZS, Venable GT, Einhaus S, Klimo P.	Low-pressure Hydrocephalus in Children: A Case Series and Review of the Literature	Neurosurgery	2017	18	28362957	10.1093/neuros/nyw046		https://pubmed.ncbi.nlm.nih.gov/28362957/		metadata_only
core_lph	case_report	unspecified		shunt_or_valve;active_pump_shunt	yes	Kalani MY, Turner JD, Nakaji P.	Treatment of refractory low-pressure hydrocephalus with an active pumping negative-pressure shunt system	Journal of clinical neuroscience : official journal of the Neurosurgical Society of Australasia	2013	21	23380444	10.1016/j.jocn.2012.04.027		https://pubmed.ncbi.nlm.nih.gov/23380444/		metadata_only
core_lph	case_series_or_cohort	adult	shunt_dependent_prior	shunt_or_valve	yes	Funnell JP, D'Antona L, Craven CL, Thorne L, Watkins LD, Toma AK.	Ultra-low-pressure hydrocephalic state in NPH: benefits of therapeutic siphoning with adjustable antigravity valves	Acta neurochirurgica	2020	6	32989519	10.1007/s00701-020-04596-z		https://pubmed.ncbi.nlm.nih.gov/32989519/		metadata_only
core_lph	case_series_or_cohort	unspecified			yes	Kuba H, Inamura T, Ikezaki K, Inoha S, Nakamizo A, Shono T, Fukui K, Fukui M.	Gait disturbance in patients with low pressure hydrocephalus	Journal of clinical neuroscience : official journal of the Neurosurgical Society of Australasia	2002	15	11749014	10.1054/jocn.2001.1010		https://pubmed.ncbi.nlm.nih.gov/11749014/		metadata_only
core_lph	case_report	adult	shunt_dependent_prior;aqueductal_obstructive	subzero_evd;shunt_or_valve;elastography_imaging	yes	Olivero WC, Biswas A, Wszalek TM, Sutton BP, Johnson CL.	Brain stiffness following recovery in a patient with an episode of low-pressure hydrocephalus: case report	Child's nervous system : ChNS : official journal of the International Society for Pediatric Neurosurgery	2021	7	33030603	10.1007/s00381-020-04922-x		https://pubmed.ncbi.nlm.nih.gov/33030603/		metadata_only
core_lph	case_report	mixed	tumor_posterior_fossa;skull_base_csf_leak;lumbar_puncture_or_drain;shunt_dependent_prior	shunt_or_valve;csf_leak_repair	yes	Vilela MD, Pedrosa HA, Mesquita BF, Horiguchi CLF.	Low-Pressure Hydrocephalus and Shunt Malfunction Following a Lumbar Puncture in an Adult Reversed by an Epidural Blood Patch	World neurosurgery	2020	6	32712403	10.1016/j.wneu.2020.07.134	PMC7377781	https://pmc.ncbi.nlm.nih.gov/articles/PMC7377781/	fulltext/vilela_2020_pmid32712403.xml	oa_xml
core_lph	case_report	unspecified		titrated_evd	yes	Clarke MJ, Maher CO, Nothdurft G, Meyer F.	Very low pressure hydrocephalus. Report of two cases	Journal of neurosurgery	2006	17	16961147	10.3171/jns.2006.105.3.475		https://pubmed.ncbi.nlm.nih.gov/16961147/		metadata_only
core_lph	case_series_or_cohort	unspecified		shunt_or_valve	yes	Cheng Z, Wang W, Han Y, Liu J, Wang Z, Zhou Y, Li F, Huang Y.	Low pressure hydrocephalus: clinical manifestations, radiological characteristics, and treatment	British journal of neurosurgery	2017	9	28264586	10.1080/02688697.2017.1297383		https://pubmed.ncbi.nlm.nih.gov/28264586/		metadata_only
core_lph	case_series	unspecified		subzero_evd;titrated_evd;etv;shunt_or_valve;elastography_imaging	yes	Strand A, Balise S, Leung LJ, Durham S.	Low-Pressure Hydrocephalus: A Case Report and Review of the Literature	World neurosurgery	2018	8	28962963	10.1016/j.wneu.2017.09.120		https://pubmed.ncbi.nlm.nih.gov/28962963/		metadata_only
core_lph	review	mixed			yes	Bergsneider M, Egnor MR, Johnston M, Kranz D, Madsen JR, McAllister JP, Stewart C, Walker ML, Williams MA.	What we don't (but should) know about hydrocephalus	Journal of neurosurgery	2006	31	16572631	10.3171/ped.2006.104.3.157		https://pubmed.ncbi.nlm.nih.gov/16572631/		metadata_only
core_lph	review	unspecified	sah_aneurysm;skull_base_csf_leak;aqueductal_obstructive	subzero_evd;titrated_evd;etv;shunt_or_valve;elastography_imaging	yes	Duan S, Hu J.	Pathogenesis and management of low-pressure hydrocephalus: A narrative review	Journal of the neurological sciences	2024	4	38579413	10.1016/j.jns.2024.122988		https://pubmed.ncbi.nlm.nih.gov/38579413/		metadata_only
core_lph	case_report	adult	skull_base_csf_leak;craniectomy_skin_flap	titrated_evd;shunt_or_valve;csf_leak_repair	yes	Daniel RT, Lee GY, Halcrow SJ.	Low-pressure hydrocephalic state complicating hemispherectomy: a case report	Epilepsia	2002	15	12027920	10.1046/j.1528-1157.2002.46101.x		https://pubmed.ncbi.nlm.nih.gov/12027920/		metadata_only
core_lph	case_report	unspecified	skull_base_csf_leak;infection_inflammatory;shunt_dependent_prior	subzero_evd;titrated_evd;shunt_or_valve	yes	Diaz-Romero Paz R, Avendaño Altimira P, Coloma Valverde G, Balhen Martin C.	A Rare Case of Negative-Pressure Hydrocephalus: A Plausible Explanation and the Role of Transmantle Theory	World neurosurgery	2019	11	30710718	10.1016/j.wneu.2019.01.117		https://pubmed.ncbi.nlm.nih.gov/30710718/		metadata_only
core_lph	case_series_or_cohort	pediatric	tumor_posterior_fossa;shunt_dependent_prior	subzero_evd;titrated_evd;shunt_or_valve;active_pump_shunt	yes	Galbarriatu L, Rivero-Garvía M, Olivares M, Miranda D, Pomposo I, Márquez-Rivas J.	Low-pressure hydrocephalus: indication for custom-made catheters? Technical report	Acta neurochirurgica	2013	8	23904087	10.1007/s00701-013-1819-5		https://pubmed.ncbi.nlm.nih.gov/23904087/		metadata_only
core_lph	experimental	unspecified	tumor_posterior_fossa;aqueductal_obstructive	shunt_or_valve;icp_monitoring	yes	Egnor M, Yang L, Mani RM, Fiore SM, Djurić PM.	A quantitative model of the cerebral windkessel and its relevance to disorders of intracranial dynamics	Journal of neurosurgery. Pediatrics	2023	8	37382303	10.3171/2023.1.peds22372		https://pubmed.ncbi.nlm.nih.gov/37382303/		metadata_only
core_lph	case_series_or_cohort	mixed		titrated_evd;etv;shunt_or_valve	yes	Hamilton MG, Price AV.	Syndrome of inappropriately low-pressure acute hydrocephalus (SILPAH)	Acta neurochirurgica. Supplement	2012	25	22116443	10.1007/978-3-7091-0923-6_31		https://pubmed.ncbi.nlm.nih.gov/22116443/		metadata_only
core_lph	systematic_review	pediatric	tumor_posterior_fossa;aqueductal_obstructive		yes	Chang SJ, Mitchell R, Hukin J, Singhal A.	Treatment-responsive Holmes tremor in a child with low-pressure hydrocephalus: video case report and systematic review of the literature	Journal of neurosurgery. Pediatrics	2022	2	35148507	10.3171/2021.12.peds21539		https://pubmed.ncbi.nlm.nih.gov/35148507/		metadata_only
core_lph	systematic_review	unspecified	sah_aneurysm;infection_inflammatory;trauma	subzero_evd;titrated_evd;etv;shunt_or_valve;active_pump_shunt;csf_leak_repair	yes	Bakmeedeniya RW, Hedger JS, Purnell MR.	Management of Low/Negative Pressure Hydrocephalus: A Systematic Review of Etiology, Pathophysiology, and Treatment	World neurosurgery	2026	1	41525875	10.1016/j.wneu.2026.124789		https://pubmed.ncbi.nlm.nih.gov/41525875/		metadata_only
core_lph	case_report	unspecified	shunt_dependent_prior	neck_wrapping;positioning;shunt_or_valve;icp_monitoring	yes	Pandey S, Jin Y, Gao L, Zhou CC, Cui DM.	Negative-Pressure Hydrocephalus: A Case Report on Successful Treatment Under Intracranial Pressure Monitoring with Bilateral Ventriculoperitoneal Shunts	World neurosurgery	2017	8	28017745	10.1016/j.wneu.2016.12.049		https://pubmed.ncbi.nlm.nih.gov/28017745/		metadata_only
core_lph	review	unspecified	tumor_posterior_fossa;lumbar_puncture_or_drain;craniectomy_skin_flap	subzero_evd;titrated_evd;neck_wrapping;shunt_or_valve;icp_monitoring;csf_leak_repair	yes	Godoy Hurtado A, Barstchi P, Brea Salvago JF, Al-Ghanem R, Galicia Bulnes JM, El Rubaidi O.	Low- and Negative-Pressure Hydrocephalus: New Report of Six Cases and Literature Review	Journal of clinical medicine	2023	7	37373809	10.3390/jcm12124112	PMC10299038	https://pmc.ncbi.nlm.nih.gov/articles/PMC10299038/	fulltext/godoy_2023_pmid37373809.xml	oa_xml
core_lph	case_report	unspecified	sah_aneurysm;tumor_posterior_fossa;shunt_dependent_prior	subzero_evd;titrated_evd;shunt_or_valve;active_pump_shunt	yes	Badran A, Shepard MJ, Ksendzovsky A, Murayi R, Hayes C, Smart D, Chittiboina P.	Hemangioblastomatosis-associated negative-pressure hydrocephalus managed with improvised shunt	Journal of clinical neuroscience : official journal of the Neurosurgical Society of Australasia	2018	5	30287249	10.1016/j.jocn.2018.08.028	PMC7265979	https://pmc.ncbi.nlm.nih.gov/articles/PMC7265979/		oa_unavailable
core_lph	case_report	unspecified		shunt_or_valve	yes	Michael AP, Elkouzi A, Elble RJ.	Pearls & Oy-sters: Low-pressure hydrocephalus and inadequate shunting	Neurology	2017	6	28438849	10.1212/wnl.0000000000003872		https://pubmed.ncbi.nlm.nih.gov/28438849/		metadata_only
core_lph	case_report	pediatric	tumor_posterior_fossa;shunt_dependent_prior	titrated_evd;shunt_or_valve	yes	Preuß M, Evangelou P, Hirsch W, Reiss-Zimmermann M, Fischer L, Merkenschlager A, Kieß W, Siekmeyer M, Meixensberger J, Nestler U.	Acute two-compartment low pressure hydrocephalus--a case report	Child's nervous system : ChNS : official journal of the International Society for Pediatric Neurosurgery	2013	6	23715811	10.1007/s00381-013-2173-x		https://pubmed.ncbi.nlm.nih.gov/23715811/		metadata_only
core_lph	case_report	adult	shunt_dependent_prior;aqueductal_obstructive	subzero_evd;shunt_or_valve;elastography_imaging	yes	Olivero WC, Wszalek T, Wang H, Farahvar A, Rieth SM, Johnson CL.	Magnetic Resonance Elastography Demonstrating Low Brain Stiffness in a Patient with Low-Pressure Hydrocephalus: Case Report	Pediatric neurosurgery	2016	17	27198914	10.1159/000445900		https://pubmed.ncbi.nlm.nih.gov/27198914/		metadata_only
core_lph	case_series_or_cohort	unspecified	shunt_dependent_prior	subzero_evd;titrated_evd;shunt_or_valve	yes	Hunn BH, Mujic A, Sher I, Dubey AK, Peters-Willke J, Hunn AW.	Successful treatment of negative pressure hydrocephalus using timely titrated external ventricular drainage: a case series	Clinical neurology and neurosurgery	2014	12	24275338	10.1016/j.clineuro.2013.10.019		https://pubmed.ncbi.nlm.nih.gov/24275338/		metadata_only
core_lph	comment_letter	unspecified			yes	Rekate HL.	Low or Negative Pressure Hydrocephalus Demystified	World neurosurgery	2019	6	31103762	10.1016/j.wneu.2019.05.032		https://pubmed.ncbi.nlm.nih.gov/31103762/		metadata_only
core_lph	clinical_or_mechanistic_study	adult		shunt_or_valve	no	McCullough DC, Fox JL.	Negative intracranial pressure hydrocephalus in adults with shunts and its relationship to the production of subdural hematoma	Journal of neurosurgery	1974	77	4813717	10.3171/jns.1974.40.3.0372		https://pubmed.ncbi.nlm.nih.gov/4813717/		metadata_only
core_lph	case_series_or_cohort	adult	aqueductal_obstructive	subzero_evd;titrated_evd;etv;shunt_or_valve	yes	Foster KA, Deibert CP, Choi PA, Gardner PA, Tyler-Kabara EC, Engh JA.	Endoscopic third ventriculostomy as adjunctive therapy in the treatment of low-pressure hydrocephalus in adults	Surgical neurology international	2016	9	27069743	10.4103/2152-7806.178522	PMC4802992	https://pmc.ncbi.nlm.nih.gov/articles/PMC4802992/	fulltext/foster_2016_pmid27069743.xml	oa_xml
core_lph	case_report	unspecified	aqueductal_obstructive	shunt_or_valve	yes	Marianayagam NJ, Shalom NB, Yassin S, Michowiz S, Harnof S, Rajz G.	Paradoxical ventriculomegaly due to low-pressure hydrocephalus, a rare complication of the treatment of a trapped fourth ventricle: Case report	Journal of clinical neuroscience : official journal of the Neurosurgical Society of Australasia	2017	4	28209310	10.1016/j.jocn.2017.01.017		https://pubmed.ncbi.nlm.nih.gov/28209310/		metadata_only
core_lph	case_series_or_cohort	unspecified	infection_inflammatory	titrated_evd;etv;shunt_or_valve	yes	Casado Pellejero J, Moles Herbera J, Vázquez Sufuentes S, Orduna Martínez J, Rivero Celada D, Fustero de Miguel D.	Acute negative-pressure hydrocephalus: Management algorithm and value of early endoscopic ventriculostomy	Neurocirugia	2022	4	34998487	10.1016/j.neucie.2021.02.003		https://pubmed.ncbi.nlm.nih.gov/34998487/		metadata_only
core_lph	comment_letter	unspecified			yes	Rekate HL.	"Commentary on the article ""Brain stiffness following recovery in a patient with an episode of low-pressure hydrocephalus: case report"""	Child's nervous system : ChNS : official journal of the International Society for Pediatric Neurosurgery	2021	2	34272587	10.1007/s00381-021-05291-9		https://pubmed.ncbi.nlm.nih.gov/34272587/		metadata_only
core_lph	case_series	mixed	shunt_dependent_prior	shunt_or_valve	no	McCullough DC.	Symptomatic progressive ventriculomegaly in hydrocephalics with patent shunts and antisiphon devices	Neurosurgery	1986	37	3491341	10.1227/00006123-198610000-00019		https://pubmed.ncbi.nlm.nih.gov/3491341/		metadata_only
core_lph	clinical_or_mechanistic_study	unspecified	shunt_dependent_prior	positioning;shunt_or_valve	no	Foltz EL, Blanks JP.	Symptomatic low intracranial pressure in shunted hydrocephalus	Journal of neurosurgery	1988	54	3343612	10.3171/jns.1988.68.3.0401		https://pubmed.ncbi.nlm.nih.gov/3343612/		metadata_only
core_lph	case_series	unspecified	shunt_dependent_prior	subzero_evd;titrated_evd;shunt_or_valve	yes	Trinh VT, Duckworth EA.	Revision to an adjustable non-siphon control valve in low pressure hydrocephalus: therapeutic siphoning and a new perspective on NPH: series of 3 cases and review of the literature	Clinical neurology and neurosurgery	2013	7	22770726	10.1016/j.clineuro.2012.05.017		https://pubmed.ncbi.nlm.nih.gov/22770726/		metadata_only
core_lph	case_series	unspecified		subzero_evd;titrated_evd;shunt_or_valve;active_pump_shunt	yes	Carrera DA, Pajer HB, Patel D, Barkley AS, Botros JA, Spader HS.	Treatment of low-pressure hydrocephalus using a novel shunt valve technique: applying Bernoulli's equation to fluid statics. Technical note	Journal of neurosurgery	2025	0	39951714	10.3171/2024.10.jns232782		https://pubmed.ncbi.nlm.nih.gov/39951714/		metadata_only
core_lph	case_series_or_cohort	pediatric	shunt_dependent_prior	titrated_evd;shunt_or_valve	yes	Datta D, Tu A.	Pediatric low-pressure hydrocephalus: a case series and re-analysis of a rare disease	Child's nervous system : ChNS : official journal of the International Society for Pediatric Neurosurgery	2025	0	41191101	10.1007/s00381-025-07002-0		https://pubmed.ncbi.nlm.nih.gov/41191101/		metadata_only
core_lph	case_series_or_cohort	pediatric	shunt_dependent_prior;aqueductal_obstructive	titrated_evd;etv;shunt_or_valve	yes	Garg A, Suri A, Chandra PS, Kumar R, Sharma BS, Mahapatra AK.	Endoscopic third ventriculostomy: 5 years' experience at the All India Institute of Medical Sciences	Pediatric neurosurgery	2009	16	19221456	10.1159/000202617		https://pubmed.ncbi.nlm.nih.gov/19221456/		metadata_only
core_lph	case_report	unspecified	sah_aneurysm;infection_inflammatory		yes	Weisbrod L, Davidson C, Gard A, Surdell D.	Low-Pressure Hydrocephalus in Spontaneous Angiogram-Negative Subarachnoid Hemorrhage Following COVID-19 Infection	Cureus	2021	3	34462697	10.7759/cureus.16674	PMC8389884	https://pmc.ncbi.nlm.nih.gov/articles/PMC8389884/	fulltext/weisbrod_2021_pmid34462697.xml	oa_xml
core_lph	consensus_guideline	unspecified	infection_inflammatory;shunt_dependent_prior;aqueductal_obstructive	shunt_or_valve	yes	Chinese Neuroscience Society.	[Consensus on the diagnosis and treatment of low-pressure hydrocephalus(2025 edition)]	Zhonghua wai ke za zhi [Chinese journal of surgery]	2025	1	40734409	10.3760/cma.j.cn112139-20250528-00277		https://pubmed.ncbi.nlm.nih.gov/40734409/		metadata_only
core_lph	experimental	unspecified	aqueductal_obstructive	shunt_or_valve	yes	Egnor M, Shirdel Abdolmaleki N, Ravishankar A, Mani R, Wang Y, Fiore S, Djurić PM.	A model of hydrocephalus due to windkessel impairment caused by subarachnoid space obstruction	Journal of neurosurgery. Pediatrics	2026	1	41791099	10.3171/2025.8.peds24604		https://pubmed.ncbi.nlm.nih.gov/41791099/		metadata_only
core_lph	case_report	unspecified	sah_aneurysm		yes	Solheim O, Vik A, Gulati S, Eide PK.	Rapid and severe rise in static and pulsatile intracranial pressures during a generalized epileptic seizure	Seizure	2008	20	18554932	10.1016/j.seizure.2008.05.006		https://pubmed.ncbi.nlm.nih.gov/18554932/		metadata_only
core_lph	case_report	adult	sah_aneurysm;lumbar_puncture_or_drain	subzero_evd	yes	Ozeki T, Kubota A, Murai Y, Morita A.	Suspected Low-Pressure Hydrocephalus Caused by Spinal Drainage after Subarachnoid Hemorrhage	Journal of Nippon Medical School = Nippon Ika Daigaku zasshi	2022	3	34526456	10.1272/jnms.jnms.2022_89-209		https://pubmed.ncbi.nlm.nih.gov/34526456/		metadata_only
core_lph	comment_letter	pediatric			yes	Smalley ZS, Venable GT, Klimo P.	In Reply: Low-Pressure Hydrocephalus in Children: A Case Series and Review of the Literature	Neurosurgery	2017	2	28973519	10.1093/neuros/nyx333		https://pubmed.ncbi.nlm.nih.gov/28973519/		metadata_only
core_lph	comment_letter	pediatric			yes	Barami K.	Letter: Low-Pressure Hydrocephalus in Children: A Case Series and Review of the Literature	Neurosurgery	2017	2	28973300	10.1093/neuros/nyx332		https://pubmed.ncbi.nlm.nih.gov/28973300/		metadata_only
core_lph	case_report	adult	shunt_dependent_prior	shunt_or_valve;icp_monitoring	yes	Doshi AB, Sarkar H, Shelke Y, Pothare A, Kulkarni A.	Solving a complex, rare, and challenging scenario in a normal pressure hydrocephalus with recurrent shunt dysfunction and multiple revisions - The opposing role of evolving low-pressure hydrocephalus and idiopathic raised intra-abdominal pressure	Surgical neurology international	2022	2	36600762	10.25259/sni_586_2022	PMC9805611	https://pmc.ncbi.nlm.nih.gov/articles/PMC9805611/	fulltext/doshi_2022_pmid36600762.xml	oa_xml
core_lph	case_report	unspecified	sah_aneurysm;skull_base_csf_leak;lumbar_puncture_or_drain;shunt_dependent_prior	subzero_evd;shunt_or_valve;csf_leak_repair	yes	Suzuki T, Kaku S, Karagiozov K, Murayama Y.	Negative-pressure hydrocephalus in the course of a complex postoperative intracranial pressure disturbance: illustrative case	Journal of neurosurgery. Case lessons	2021	2	35854689	10.3171/case206	PMC9236168	https://pmc.ncbi.nlm.nih.gov/articles/PMC9236168/	fulltext/suzuki_2021_pmid35854689.xml	oa_xml
core_lph	case_report	unspecified	infection_inflammatory;shunt_dependent_prior	subzero_evd;titrated_evd;neck_wrapping;etv;shunt_or_valve	yes	Kuppler P, Ditz C, Küchler J, Fieseler K, Kehler U, Leppert J.	Chronic negative-pressure hydrocephalus: management of prolonged subatmospheric drainage failure and treatment approach in persistent ventriculomegaly. Illustrative case	Journal of neurosurgery. Case lessons	2025	1	40030163	10.3171/case24672	PMC11877371	https://pmc.ncbi.nlm.nih.gov/articles/PMC11877371/	fulltext/kuppler_2025_pmid40030163.xml	oa_xml
core_lph	case_report	pediatric		shunt_or_valve	no	Drake JM, da Silva MC, Rutka JT.	Functional obstruction of an antisiphon device by raised tissue capsule pressure	Neurosurgery	1993	22	8421544	10.1227/00006123-199301000-00023		https://pubmed.ncbi.nlm.nih.gov/8421544/		metadata_only
core_lph	case_report	adult	skull_base_csf_leak;infection_inflammatory;shunt_dependent_prior	titrated_evd;shunt_or_valve;csf_leak_repair	yes	Stevens B, Bialek S, Zhao K, Maqusi S, Rassi EE, Tan J, Graffeo CS.	Profound Pneumocephalus and Low-Pressure Hydrocephalus Triggered by Ventriculoperitoneal Shunt Placement after Resection, Fat Graft Reconstruction, and Radiotherapy for a Malignant Skull Base Schwannoma	Journal of neurological surgery reports	2024	1	39220674	10.1055/a-2376-7197	PMC11364467	https://pmc.ncbi.nlm.nih.gov/articles/PMC11364467/	fulltext/stevens_2024_pmid39220674.xml	oa_xml
core_lph	review	unspecified		subzero_evd;titrated_evd	yes	Li G, Lin B, Yang F.	Low-/Negative-Pressure Hydrocephalus: To Understand the Formation Mechanism from the Perspective of Clinicians	Journal of neurological surgery. Part A, Central European neurosurgery	2024	1	38688300	10.1055/s-0044-1785671		https://pubmed.ncbi.nlm.nih.gov/38688300/		metadata_only
core_lph	case_report	unspecified	infection_inflammatory		yes	McGovern RA, Sheehy JP, McKhann GM.	Low pressure hydrocephalus acutely following sepsis and cardiovascular collapse	Clinical neurology and neurosurgery	2013	4	23816322	10.1016/j.clineuro.2013.05.021		https://pubmed.ncbi.nlm.nih.gov/23816322/		metadata_only
core_lph	case_series_or_cohort	adult	shunt_dependent_prior	subzero_evd;titrated_evd;shunt_or_valve	no	Bergsneider M, Peacock WJ, Mazziotta JC, Becker DP.	Beneficial effect of siphoning in treatment of adult hydrocephalus	Archives of neurology	1999	33	10520938	10.1001/archneur.56.10.1224		https://pubmed.ncbi.nlm.nih.gov/10520938/		metadata_only
core_lph	case_series_or_cohort	pediatric		titrated_evd;positioning;shunt_or_valve	yes	Chen B, Zhang Y, Jiang Y, Mei W, Zhang Y.	Low- and negative-pressure hydrocephalus in children, clinical features, treatment, prognosis and proposed mechanisms	Frontiers in pediatrics	2025	0	40538927	10.3389/fped.2025.1602767	PMC12176887	https://pmc.ncbi.nlm.nih.gov/articles/PMC12176887/	fulltext/chen_2025_pmid40538927.xml	oa_xml
core_lph	clinical_or_mechanistic_study	unspecified	skull_base_csf_leak;infection_inflammatory	subzero_evd;titrated_evd;csf_leak_repair;elastography_imaging	yes	Houlden D, Khodorskiy D, Miller-Portman S, Li M.	Importance of Frontal Horn Ratio and Optimal CSF Drainage in the Treatment of Very Low-Pressure Hydrocephalus	Journal of neurological surgery. Part B, Skull base	2018	2	30009119	10.1055/s-0037-1609033	PMC6043177	https://pmc.ncbi.nlm.nih.gov/articles/PMC6043177/		oa_unavailable
core_lph	case_series	pediatric	skull_base_csf_leak;lumbar_puncture_or_drain;shunt_dependent_prior;aqueductal_obstructive	titrated_evd;shunt_or_valve;csf_leak_repair	no	Dias MS, Li V, Pollina J.	Low-pressure shunt 'malfunction' following lumbar puncture in children with shunted obstructive hydrocephalus	Pediatric neurosurgery	1999	26	10352418	10.1159/000028783		https://pubmed.ncbi.nlm.nih.gov/10352418/		metadata_only
core_lph	case_series_or_cohort	unspecified	shunt_dependent_prior	titrated_evd;etv;shunt_or_valve;active_pump_shunt	yes	Villalonga JF, Saenz A, Pailler JI, Castillo AL, Alba MG, Domenico S, Campero A, Cavallo LM, Cinalli G.	Endoscopic Third Ventriculostomy plus Valveless Catheter in the Treatment of Low-Pressure Hydrocephalus	Turkish neurosurgery	2025	0	41165379	10.5137/1019-5149.jtn.47801-24.2		https://pubmed.ncbi.nlm.nih.gov/41165379/		metadata_only
core_lph	case_report	unspecified	shunt_dependent_prior	neck_wrapping;shunt_or_valve;active_pump_shunt	yes	Bruk Y, Drofa A, Kouznetsov E.	Jugular Venous Compression via Soft Cervical Collar in Shunt-Refractory Low-Pressure Hydrocephalus: A Report of Two Cases	Cureus	2026	0	42732439	10.7759/cureus.116100	PMC13570724	https://pmc.ncbi.nlm.nih.gov/articles/PMC13570724/	fulltext/bruk_2026_pmid42732439.xml	oa_xml
core_lph	case_report	adult	tumor_posterior_fossa;trauma		yes	He S, Dai L, Zhan W, Jiang S, Zhou P.	Case Report: Suspected low-pressure hydrocephalus following surgical treatment of traumatic brain injury in a patient with subsequently diagnosed glioblastoma	Frontiers in oncology	2026	0	42444806	10.3389/fonc.2026.1721506	PMC13357208	https://pmc.ncbi.nlm.nih.gov/articles/PMC13357208/	fulltext/he_2026_pmid42444806.xml	oa_xml
core_lph	case_report	pediatric	tumor_posterior_fossa;skull_base_csf_leak;lumbar_puncture_or_drain;shunt_dependent_prior;aqueductal_obstructive	subzero_evd;titrated_evd;neck_wrapping;shunt_or_valve;icp_monitoring;csf_leak_repair	yes	Hoffman BL, Chandran AS, Laughlin S, Ibrahim GM.	Lumbar puncture-induced negative-pressure hydrocephalus in a child with a ventriculoperitoneal shunt and ventricular obstruction: illustrative case	Journal of neurosurgery. Case lessons	2026	0	42224725	10.3171/case2654	PMC13224972	https://pmc.ncbi.nlm.nih.gov/articles/PMC13224972/	fulltext/hoffman_2026_pmid42224725.xml	oa_xml
core_lph	case_report	adult	craniectomy_skin_flap;infection_inflammatory;trauma;intraventricular_hemorrhage;shunt_dependent_prior	subzero_evd;titrated_evd;neck_wrapping;etv;shunt_or_valve;pharmacologic	yes	Salam S, Quintero-Consuegra M, Ryan MV, Vargas E, Garcia C, Wong S, Rejali M, Babadjouni R, Mamelak AN.	Theophylline can resolve refractory acute negative-pressure hydrocephalus: illustrative case	Journal of neurosurgery. Case lessons	2025	0	40418891	10.3171/case2554	PMC12105587	https://pmc.ncbi.nlm.nih.gov/articles/PMC12105587/	fulltext/salam_2025_pmid40418891.xml	oa_xml
core_lph	case_report	unspecified	craniectomy_skin_flap;trauma;aqueductal_obstructive	elastography_imaging	yes	Bateman GA, Bateman AR.	The Pathophysiology of Sinking Flap Syndrome Associated with Low-Pressure Hydrocephalus: A Case Study Suggests a New Hypothesis	Journal of clinical medicine	2026	0	42355921	10.3390/jcm15124753		https://pubmed.ncbi.nlm.nih.gov/42355921/		metadata_only
core_lph	case_report	unspecified	craniectomy_skin_flap;trauma;aqueductal_obstructive	elastography_imaging	yes	Bateman GA, Bateman AR.	A Case of Sinking Flap Syndrome Associated with Low-Pressure Hydrocephalus: Clues to the Pathophysiology Suggests a New Hypothesis	Preprints.org	2026	0		10.20944/preprints202605.1686.v1		https://doi.org/10.20944/preprints202605.1686.v1		metadata_only
core_lph	case_series_or_cohort	unspecified	shunt_dependent_prior	shunt_or_valve	no	Foltz EL, Blanks J, Meyer R.	Hydrocephalus: the zero ICP ventricle shunt (ZIPS) to control gravity shunt flow. A clinical study in 56 patients	Child's nervous system : ChNS : official journal of the International Society for Pediatric Neurosurgery	1994	4	8194062	10.1007/bf00313584		https://pubmed.ncbi.nlm.nih.gov/8194062/		metadata_only
core_lph	experimental	unspecified	skull_base_csf_leak		no	Pomeranz S, Beni L, Shalit MN.	The effect of intracranial hypotension on cerebral blood flow in a feline model	Acta neurochirurgica	1993	5	8333302	10.1007/bf01446996		https://pubmed.ncbi.nlm.nih.gov/8333302/		metadata_only
core_lph	review	unspecified			yes	Lin Z, Feng H, Zhang W, Xiao G, Chen J, Liu Z.	Correct understanding of the definition and management strategies for refractory hydrocephalus	Chinese neurosurgical journal	2025	0	40826122	10.1186/s41016-025-00403-9	PMC12359874	https://pmc.ncbi.nlm.nih.gov/articles/PMC12359874/	fulltext/lin_2025_pmid40826122.xml	oa_xml
core_lph	case_report	unspecified	lumbar_puncture_or_drain;shunt_dependent_prior	shunt_or_valve;csf_leak_repair	yes	Koenig N, Howell S, Kohli A, Shepherd J.	Headache and Neurological Symptoms Following Lumbar Puncture in a Patient With a Ventriculoperitoneal Shunt	Cureus	2025	0	41357016	10.7759/cureus.97293	PMC12680287	https://pmc.ncbi.nlm.nih.gov/articles/PMC12680287/	fulltext/koenig_2025_pmid41357016.xml	oa_xml
core_lph	case_report	unspecified	sah_aneurysm;aqueductal_obstructive		yes	Wang J, Balu R, Chitale A, Waziri A, Altaweel LR.	Continuous quantitative electroencephalography for early detection of acute low-pressure obstructive hydrocephalus in aneurysmal subarachnoid hemorrhage: illustrative case	Journal of neurosurgery. Case lessons	2024	0	39740216	10.3171/case24612	PMC11694188	https://pmc.ncbi.nlm.nih.gov/articles/PMC11694188/	fulltext/wang_2024_pmid39740216.xml	oa_xml
core_lph	computational_model	unspecified	craniectomy_skin_flap		yes	Wang J, Lu P.	A Mathematical Model to Simulate Intracranial Pressure and Unified Interpretation of Several Disease Entities	bioRxiv	2020	0		10.1101/2020.05.31.120071		https://doi.org/10.1101/2020.05.31.120071		metadata_only
core_lph	case_report	adult	shunt_dependent_prior;aqueductal_obstructive	shunt_or_valve	no	Gnanalingham KK, Watkins L, Goadsby PJ.	14 mmHg: a case of raised intracranial pressure?	British journal of neurosurgery	2004	1	15327239	10.1080/02688690410001732814		https://pubmed.ncbi.nlm.nih.gov/15327239/		metadata_only
mechanism_biomechanics	imaging_physiology_study	unspecified	aqueductal_obstructive	neck_wrapping;elastography_imaging	yes	Hatt A, Cheng S, Tan K, Sinkus R, Bilston LE.	MR Elastography Can Be Used to Measure Brain Stiffness Changes as a Result of Altered Cranial Venous Drainage During Jugular Compression	AJNR. American journal of neuroradiology	2015	43	26045579	10.3174/ajnr.a4361	PMC7965045	https://pmc.ncbi.nlm.nih.gov/articles/PMC7965045/		oa_unavailable
mechanism_biomechanics	clinical_or_mechanistic_study	pediatric		subzero_evd	no	Welch K.	The intracranial pressure in infants	Journal of neurosurgery	1980	100	7373397	10.3171/jns.1980.52.5.0693		https://pubmed.ncbi.nlm.nih.gov/7373397/		metadata_only
mechanism_biomechanics	review	adult		positioning	no	Barami K.	Cerebral venous overdrainage: an under-recognized complication of cerebrospinal fluid diversion	Neurosurgical focus	2016	30	27581321	10.3171/2016.6.focus16172		https://pubmed.ncbi.nlm.nih.gov/27581321/		metadata_only
mechanism_biomechanics	case_series_or_cohort	pediatric			no	Sainz LV, Zipfel J, Kerscher SR, Weichselbaum A, Bevot A, Schuhmann MU.	"Cerebro-venous hypertension: a frequent cause of so-called ""external hydrocephalus"" in infants"	Child's nervous system : ChNS : official journal of the International Society for Pediatric Neurosurgery	2019	15	30474714	10.1007/s00381-018-4007-3		https://pubmed.ncbi.nlm.nih.gov/30474714/		metadata_only
mechanism_biomechanics	computational_model	unspecified			no	Kim H, Jeong EJ, Park DH, Czosnyka Z, Yoon BC, Kim K, Czosnyka M, Kim DJ.	Finite element analysis of periventricular lucency in hydrocephalus: extravasation or transependymal CSF absorption?	Journal of neurosurgery	2016	20	26274984	10.3171/2014.11.jns141382		https://pubmed.ncbi.nlm.nih.gov/26274984/		metadata_only
mechanism_biomechanics	clinical_or_mechanistic_study	unspecified	aqueductal_obstructive	active_pump_shunt;elastography_imaging	no	Nozaleda GL, Coenen W, Haughton V, Sánchez AL.	Arterial pulsations and transmantle pressure synergetically drive glymphatic flow	Scientific reports	2025	14	40258946	10.1038/s41598-025-97631-x	PMC12012223	https://pmc.ncbi.nlm.nih.gov/articles/PMC12012223/	fulltext/nozaleda_2025_pmid40258946.xml	oa_xml
mechanism_biomechanics	experimental	unspecified			no	Shulyakov AV, Buist RJ, Del Bigio MR.	Intracranial biomechanics of acute experimental hydrocephalus in live rats	Neurosurgery	2012	19	22806081	10.1227/neu.0b013e3182690a0c		https://pubmed.ncbi.nlm.nih.gov/22806081/		metadata_only
mechanism_biomechanics	computational_model	unspecified	lumbar_puncture_or_drain	shunt_or_valve;elastography_imaging	no	Solamen LM, McGarry MDJ, Fried J, Weaver JB, Lollis SS, Paulsen KD.	Poroelastic Mechanical Properties of the Brain Tissue of Normal Pressure Hydrocephalus Patients During Lumbar Drain Treatment Using Intrinsic Actuation MR Elastography	Academic radiology	2021	22	32331966	10.1016/j.acra.2020.03.009	PMC7575616	https://pmc.ncbi.nlm.nih.gov/articles/PMC7575616/		oa_unavailable
mechanism_biomechanics	computational_model	unspecified	aqueductal_obstructive		no	Chou D, Vardakis JC, Guo L, Tully BJ, Ventikos Y.	A fully dynamic multi-compartmental poroelastic system: Application to aqueductal stenosis	Journal of biomechanics	2016	18	26671218	10.1016/j.jbiomech.2015.11.025		https://pubmed.ncbi.nlm.nih.gov/26671218/		metadata_only
mechanism_biomechanics	imaging_physiology_study	unspecified	shunt_dependent_prior	shunt_or_valve;elastography_imaging	no	Wagshul ME, McAllister JP, Limbrick DD, Yang S, Mowrey W, Goodrich JT, Meiri A, Morales DM, Kobets A, Abbott R.	MR Elastography demonstrates reduced white matter shear stiffness in early-onset hydrocephalus	NeuroImage. Clinical	2021	17	33631603	10.1016/j.nicl.2021.102579	PMC7905205	https://pmc.ncbi.nlm.nih.gov/articles/PMC7905205/	fulltext/wagshul_2021_pmid33631603.xml	oa_xml
mechanism_biomechanics	case_report	pediatric	trauma		no	Rekate HL.	The usefulness of mathematical modeling in hydrocephalus research	Child's nervous system : ChNS : official journal of the International Society for Pediatric Neurosurgery	1994	17	8194056	10.1007/bf00313579		https://pubmed.ncbi.nlm.nih.gov/8194056/		metadata_only
mechanism_biomechanics	experimental	unspecified	aqueductal_obstructive	elastography_imaging	no	Jugé L, Pong AC, Bongers A, Sinkus R, Bilston LE, Cheng S.	Changes in Rat Brain Tissue Microstructure and Stiffness during the Development of Experimental Obstructive Hydrocephalus	PloS one	2016	29	26848844	10.1371/journal.pone.0148652	PMC4743852	https://pmc.ncbi.nlm.nih.gov/articles/PMC4743852/	fulltext/jug_2016_pmid26848844.xml	oa_xml
mechanism_biomechanics	case_series_or_cohort	pediatric		elastography_imaging	no	Dirrichs T, Meiser N, Panek A, Trepels-Kottek S, Orlikowsky T, Kuhl CK, Schrading S.	Transcranial Shear Wave Elastography of Neonatal and Infant Brains for Quantitative Evaluation of Increased Intracranial Pressure	Investigative radiology	2019	23	31464808	10.1097/rli.0000000000000602		https://pubmed.ncbi.nlm.nih.gov/31464808/		metadata_only
mechanism_biomechanics	review	unspecified		shunt_or_valve;elastography_imaging	no	Aunan-Diop JS, Pedersen CB, Halle B, Jensen U, Munthe S, Harbo F, Johannsson B, Poulsen FR.	Magnetic resonance elastography in normal pressure hydrocephalus-a scoping review	Neurosurgical review	2022	14	34687356	10.1007/s10143-021-01669-0		https://pubmed.ncbi.nlm.nih.gov/34687356/		metadata_only
mechanism_biomechanics	experimental	unspecified		titrated_evd	no	Shulyakov AV, Cenkowski SS, Buist RJ, Del Bigio MR.	Age-dependence of intracranial viscoelastic properties in living rats	Journal of the mechanical behavior of biomedical materials	2011	33	21316637	10.1016/j.jmbbm.2010.12.012		https://pubmed.ncbi.nlm.nih.gov/21316637/		metadata_only
mechanism_biomechanics	case_series_or_cohort	unspecified	shunt_dependent_prior	shunt_or_valve;elastography_imaging	no	Fattahi N, Arani A, Perry A, Meyer F, Manduca A, Glaser K, Senjem ML, Ehman RL, Huston J.	MR Elastography Demonstrates Increased Brain Stiffness in Normal Pressure Hydrocephalus	AJNR. American journal of neuroradiology	2016	71	26542235	10.3174/ajnr.a4560	PMC4792773	https://pmc.ncbi.nlm.nih.gov/articles/PMC4792773/		oa_unavailable
mechanism_biomechanics	computational_model	unspecified			no	Taylor Z, Miller K.	Reassessment of brain elasticity for analysis of biomechanisms of hydrocephalus	Journal of biomechanics	2004	136	15212932	10.1016/j.jbiomech.2003.11.027		https://pubmed.ncbi.nlm.nih.gov/15212932/		metadata_only
mechanism_biomechanics	case_series_or_cohort	adult	shunt_dependent_prior	shunt_or_valve;icp_monitoring	no	Czosnyka M, Whitehouse H, Smielewski P, Simac S, Pickard JD.	Testing of cerebrospinal compensatory reserve in shunted and non-shunted patients: a guide to interpretation based on an observational study	Journal of neurology, neurosurgery, and psychiatry	1996	73	8778261	10.1136/jnnp.60.5.549	PMC486369	https://pmc.ncbi.nlm.nih.gov/articles/PMC486369/		oa_unavailable
mechanism_biomechanics	case_series_or_cohort	unspecified		icp_monitoring	no	Czosnyka M, Czosnyka ZH, Whitfield PC, Donovan T, Pickard JD.	Age dependence of cerebrospinal pressure-volume compensation in patients with hydrocephalus	Journal of neurosurgery	2001	68	11235954	10.3171/jns.2001.94.3.0482		https://pubmed.ncbi.nlm.nih.gov/11235954/		metadata_only
mechanism_biomechanics	case_series_or_cohort	adult	sah_aneurysm;shunt_dependent_prior;aqueductal_obstructive	shunt_or_valve;icp_monitoring	no	Kim DJ, Czosnyka Z, Keong N, Radolovich DK, Smielewski P, Sutcliffe MP, Pickard JD, Czosnyka M.	Index of cerebrospinal compensatory reserve in hydrocephalus	Neurosurgery	2009	58	19240611	10.1227/01.neu.0000338434.59141.89		https://pubmed.ncbi.nlm.nih.gov/19240611/		metadata_only
mechanism_biomechanics	clinical_or_mechanistic_study	adult	aqueductal_obstructive		no	Stephensen H, Tisell M, Wikkelsö C.	There is no transmantle pressure gradient in communicating or noncommunicating hydrocephalus	Neurosurgery	2002	84	11904027	10.1097/00006123-200204000-00016		https://pubmed.ncbi.nlm.nih.gov/11904027/		metadata_only
mechanism_biomechanics	case_series_or_cohort	adult		elastography_imaging	no	Streitberger KJ, Wiener E, Hoffmann J, Freimann FB, Klatt D, Braun J, Lin K, McLaughlin J, Sprung C, Klingebiel R, Sack I.	In vivo viscoelastic properties of the brain in normal pressure hydrocephalus	NMR in biomedicine	2011	132	20931563	10.1002/nbm.1602		https://pubmed.ncbi.nlm.nih.gov/20931563/		metadata_only
mechanism_biomechanics	experimental	unspecified			no	Conner ES, Foley L, Black PM.	Experimental normal-pressure hydrocephalus is accompanied by increased transmantle pressure	Journal of neurosurgery	1984	79	6737056	10.3171/jns.1984.61.2.0322		https://pubmed.ncbi.nlm.nih.gov/6737056/		metadata_only
mechanism_biomechanics	imaging_physiology_study	unspecified	shunt_dependent_prior	shunt_or_valve;elastography_imaging	no	Perry A, Graffeo CS, Fattahi N, ElSheikh MM, Cray N, Arani A, Ehman RL, Glaser KJ, Manduca A, Meyer FB, Huston J.	Clinical Correlation of Abnormal Findings on Magnetic Resonance Elastography in Idiopathic Normal Pressure Hydrocephalus	World neurosurgery	2017	44	28063896	10.1016/j.wneu.2016.12.121	PMC5357459	https://pmc.ncbi.nlm.nih.gov/articles/PMC5357459/		oa_unavailable
mechanism_biomechanics	case_series_or_cohort	unspecified		icp_monitoring	no	Eide PK, Saehle T.	Is ventriculomegaly in idiopathic normal pressure hydrocephalus associated with a transmantle gradient in pulsatile intracranial pressure?	Acta neurochirurgica	2010	43	20130957	10.1007/s00701-010-0605-x		https://pubmed.ncbi.nlm.nih.gov/20130957/		metadata_only
mechanism_biomechanics	case_series_or_cohort	unspecified		shunt_or_valve;elastography_imaging	no	Karki P, Murphy MC, Cogswell PM, Senjem ML, Graff-Radford J, Elder BD, Perry A, Graffeo CS, Meyer FB, Jack CR, Ehman RL, Huston J.	Prediction of Surgical Outcomes in Normal Pressure Hydrocephalus by MR Elastography	AJNR. American journal of neuroradiology	2024	10	38272572	10.3174/ajnr.a8108	PMC11286123	https://pmc.ncbi.nlm.nih.gov/articles/PMC11286123/		oa_unavailable
mechanism_biomechanics	review	adult			no	Duy PQ, Mehta NH, Kahle KT.	Biomechanical instability of the brain-CSF interface in hydrocephalus	Brain : a journal of neurology	2024	13	38798141	10.1093/brain/awae155	PMC11449143	https://pmc.ncbi.nlm.nih.gov/articles/PMC11449143/		oa_unavailable
mechanism_biomechanics	case_series_or_cohort	unspecified		elastography_imaging	no	ElSheikh M, Arani A, Perry A, Boeve BF, Meyer FB, Savica R, Ehman RL, Huston J.	MR Elastography Demonstrates Unique Regional Brain Stiffness Patterns in Dementias	AJR. American journal of roentgenology	2017	75	28570101	10.2214/ajr.16.17455	PMC5597304	https://pmc.ncbi.nlm.nih.gov/articles/PMC5597304/		oa_unavailable
mechanism_biomechanics	systematic_review	unspecified		elastography_imaging	no	Coelho A, Sousa N.	Magnetic resonance elastography of the ageing brain in normal and demented populations: A systematic review	Human brain mapping	2022	29	35488708	10.1002/hbm.25891	PMC9374877	https://pmc.ncbi.nlm.nih.gov/articles/PMC9374877/	fulltext/coelho_2022_pmid35488708.xml	oa_xml
mechanism_biomechanics	systematic_review	pediatric	tumor_posterior_fossa	elastography_imaging	no	Hersh AM, Weber-Levine C, Jiang K, Young L, Kerensky M, Routkevitch D, Tsehay Y, Perdomo-Pantoja A, Judy BF, Lubelski D, Theodore N, Manbachi A.	Applications of elastography in operative neurosurgery: A systematic review	Journal of clinical neuroscience : official journal of the Neurosurgical Society of Australasia	2022	10	35933785	10.1016/j.jocn.2022.07.019	PMC11023619	https://pmc.ncbi.nlm.nih.gov/articles/PMC11023619/		oa_unavailable
mechanism_biomechanics	computational_model	unspecified	aqueductal_obstructive		no	Peña A, Bolton MD, Whitehouse H, Pickard JD.	Effects of brain ventricular shape on periventricular biomechanics: a finite-element analysis	Neurosurgery	1999	55	10414573	10.1097/00006123-199907000-00026		https://pubmed.ncbi.nlm.nih.gov/10414573/		metadata_only
mechanism_biomechanics	case_series_or_cohort	unspecified	aqueductal_obstructive	shunt_or_valve	no	Bateman GA, Loiselle AM.	Can MR measurement of intracranial hydrodynamics and compliance differentiate which patient with idiopathic normal pressure hydrocephalus will improve following shunt insertion?	Acta neurochirurgica	2007	37	17406777	10.1007/s00701-007-1142-0		https://pubmed.ncbi.nlm.nih.gov/17406777/		metadata_only
mechanism_biomechanics	case_series_or_cohort	unspecified	shunt_dependent_prior	shunt_or_valve;elastography_imaging	no	Freimann FB, Streitberger KJ, Klatt D, Lin K, McLaughlin J, Braun J, Sprung C, Sack I.	Alteration of brain viscoelasticity after shunt treatment in normal pressure hydrocephalus	Neuroradiology	2012	90	21538046	10.1007/s00234-011-0871-1		https://pubmed.ncbi.nlm.nih.gov/21538046/		metadata_only
mechanism_biomechanics	review	unspecified			no	Orešković D, Radoš M, Klarica M.	Role of choroid plexus in cerebrospinal fluid hydrodynamics	Neuroscience	2017	100	28456718	10.1016/j.neuroscience.2017.04.025		https://pubmed.ncbi.nlm.nih.gov/28456718/		metadata_only
mechanism_biomechanics	case_series_or_cohort	unspecified			no	Bateman GA.	Pulse-wave encephalopathy: a comparative study of the hydrodynamics of leukoaraiosis and normal-pressure hydrocephalus	Neuroradiology	2002	101	12221445	10.1007/s00234-002-0812-0		https://pubmed.ncbi.nlm.nih.gov/12221445/		metadata_only
mechanism_biomechanics	review	pediatric			no	Raimondi AJ.	A unifying theory for the definition and classification of hydrocephalus	Child's nervous system : ChNS : official journal of the International Society for Pediatric Neurosurgery	1994	50	8194058	10.1007/bf00313578		https://pubmed.ncbi.nlm.nih.gov/8194058/		metadata_only
mechanism_biomechanics	review	unspecified			no	Orešković D, Klarica M.	Development of hydrocephalus and classical hypothesis of cerebrospinal fluid hydrodynamics: facts and illusions	Progress in neurobiology	2011	104	21641963	10.1016/j.pneurobio.2011.05.005		https://pubmed.ncbi.nlm.nih.gov/21641963/		metadata_only
mechanism_biomechanics	review	pediatric	tumor_posterior_fossa;shunt_dependent_prior	titrated_evd;etv;shunt_or_valve	no	Rekate HL.	Hydrocephalus in infants: the unique biomechanics and why they matter	Child's nervous system : ChNS : official journal of the International Society for Pediatric Neurosurgery	2020	16	32488353	10.1007/s00381-020-04683-7		https://pubmed.ncbi.nlm.nih.gov/32488353/		metadata_only
mechanism_biomechanics	computational_model	unspecified		elastography_imaging	no	Murphy MC, Cogswell PM, Trzasko JD, Manduca A, Senjem ML, Meyer FB, Ehman RL, Huston J.	Identification of Normal Pressure Hydrocephalus by Disease-Specific Patterns of Brain Stiffness and Damping Ratio	Investigative radiology	2020	39	32058331	10.1097/rli.0000000000000630	PMC7681913	https://pmc.ncbi.nlm.nih.gov/articles/PMC7681913/		oa_unavailable
mechanism_biomechanics	computational_model	unspecified			no	Dutta-Roy T, Wittek A, Miller K.	Biomechanical modelling of normal pressure hydrocephalus	Journal of biomechanics	2008	38	18534602	10.1016/j.jbiomech.2008.04.014		https://pubmed.ncbi.nlm.nih.gov/18534602/		metadata_only
mechanism_biomechanics	case_report	unspecified		titrated_evd;etv;shunt_or_valve	no	Oi S.	"Classification of hydrocephalus: critical analysis of classification categories and advantages of ""Multi-categorical Hydrocephalus Classification"" (Mc HC)"	Child's nervous system : ChNS : official journal of the International Society for Pediatric Neurosurgery	2011	37	21928018	10.1007/s00381-011-1542-6		https://pubmed.ncbi.nlm.nih.gov/21928018/		metadata_only
mechanism_biomechanics	case_series_or_cohort	unspecified		icp_monitoring	no	Sklar FH, Diehl JT, Beyer CW, Clark WK.	Brain elasticity changes with ventriculomegaly	Journal of neurosurgery	1980	33	6893601	10.3171/jns.1980.53.2.0173		https://pubmed.ncbi.nlm.nih.gov/6893601/		metadata_only
mechanism_biomechanics	computational_model	unspecified			no	Bateman GA, Levi CR, Schofield P, Schofield P, Wang Y, Lovett EC.	The venous manifestations of pulse wave encephalopathy: windkessel dysfunction in normal aging and senile dementia	Neuroradiology	2008	96	18379767	10.1007/s00234-008-0374-x		https://pubmed.ncbi.nlm.nih.gov/18379767/		metadata_only
mechanism_biomechanics	experimental	unspecified		elastography_imaging	no	Pattison AJ, Lollis SS, Perriñez PR, Perreard IM, McGarry MD, Weaver JB, Paulsen KD.	Time-harmonic magnetic resonance elastography of the normal feline brain	Journal of biomechanics	2010	25	20655045	10.1016/j.jbiomech.2010.06.008	PMC2963725	https://pmc.ncbi.nlm.nih.gov/articles/PMC2963725/		oa_unavailable
mechanism_biomechanics	experimental	unspecified	craniectomy_skin_flap		no	Shapiro K, Kohn IJ, Takei F, Zee C.	Progressive ventricular enlargement in cats in the absence of transmantle pressure gradients	Journal of neurosurgery	1987	34	3598675	10.3171/jns.1987.67.1.0088		https://pubmed.ncbi.nlm.nih.gov/3598675/		metadata_only
mechanism_biomechanics	case_series_or_cohort	adult		shunt_or_valve	no	Gholampour S, Yamini B, Droessler J, Frim D.	A New Definition for Intracranial Compliance to Evaluate Adult Hydrocephalus After Shunting	Frontiers in bioengineering and biotechnology	2022	20	35979170	10.3389/fbioe.2022.900644	PMC9377221	https://pmc.ncbi.nlm.nih.gov/articles/PMC9377221/	fulltext/gholampour_2022_pmid35979170.xml	oa_xml
mechanism_biomechanics	experimental	unspecified	shunt_dependent_prior;aqueductal_obstructive	shunt_or_valve	no	Fukuhara T, Luciano MG, Brant CL, Klauscie J.	Effects of ventriculoperitoneal shunt removal on cerebral oxygenation and brain compliance in chronic obstructive hydrocephalus	Journal of neurosurgery	2001	27	11302655	10.3171/jns.2001.94.4.0573		https://pubmed.ncbi.nlm.nih.gov/11302655/		metadata_only
mechanism_biomechanics	imaging_physiology_study	mixed	aqueductal_obstructive	elastography_imaging	no	Sincomb SJ, Coenen W, Criado-Hidalgo E, Wei K, King K, Borzage M, Haughton V, Sánchez AL, Lasheras JC.	Transmantle Pressure Computed from MR Imaging Measurements of Aqueduct Flow and Dimensions	AJNR. American journal of neuroradiology	2021	8	34385144	10.3174/ajnr.a7246	PMC8562736	https://pmc.ncbi.nlm.nih.gov/articles/PMC8562736/		oa_unavailable
mechanism_biomechanics	case_series_or_cohort	adult	lumbar_puncture_or_drain	elastography_imaging	no	Cogswell PM, Murphy MC, Madhavan AA, Bhatti MT, Cutsforth-Gregory JK, Senjem ML, Huston J, Chen JJ.	Features of Idiopathic Intracranial Hypertension on MRI With MR Elastography: Prospective Comparison With Control Individuals and Assessment of Postintervention Changes	AJR. American journal of roentgenology	2022	10	35822642	10.2214/ajr.22.27904	PMC10481645	https://pmc.ncbi.nlm.nih.gov/articles/PMC10481645/		oa_unavailable
mechanism_biomechanics	experimental	mixed		shunt_or_valve	no	Li J, McAllister JP, Shen Y, Wagshul ME, Miller JM, Egnor MR, Johnston MG, Haacke EM, Walker ML.	Communicating hydrocephalus in adult rats with kaolin obstruction of the basal cisterns or the cortical subarachnoid space	Experimental neurology	2008	38	18433747	10.1016/j.expneurol.2007.12.030		https://pubmed.ncbi.nlm.nih.gov/18433747/		metadata_only
treatment_techniques	experimental	unspecified		shunt_or_valve	no	Chari A, Czosnyka M, Richards HK, Pickard JD, Czosnyka ZH.	Hydrocephalus shunt technology: 20 years of experience from the Cambridge Shunt Evaluation Laboratory	Journal of neurosurgery	2014	35	24405071	10.3171/2013.11.jns121895		https://pubmed.ncbi.nlm.nih.gov/24405071/		metadata_only
treatment_techniques	experimental	unspecified		shunt_or_valve;icp_monitoring	no	Czosnyka Z, Czosnyka M, Richards HK, Pickard JD.	Laboratory testing of hydrocephalus shunts -- conclusion of the U.K. Shunt evaluation programme	Acta neurochirurgica	2002	27	12111485	10.1007/s00701-002-0922-9		https://pubmed.ncbi.nlm.nih.gov/12111485/		metadata_only
treatment_techniques	case_series_or_cohort	unspecified	sah_aneurysm;intraventricular_hemorrhage	titrated_evd;shunt_or_valve	no	Klopfenstein JD, Kim LJ, Feiz-Erfan I, Hott JS, Goslar P, Zabramski JM, Spetzler RF.	Comparison of rapid and gradual weaning from external ventricular drainage in patients with aneurysmal subarachnoid hemorrhage: a prospective randomized trial	Journal of neurosurgery	2004	78	15086228	10.3171/jns.2004.100.2.0225		https://pubmed.ncbi.nlm.nih.gov/15086228/		metadata_only
treatment_techniques	case_series_or_cohort	unspecified		icp_monitoring	no	Chari A, Dasgupta D, Smedley A, Craven C, Dyson E, Matloob S, Thompson S, Thorne L, Toma AK, Watkins L.	Intraparenchymal intracranial pressure monitoring for hydrocephalus and cerebrospinal fluid disorders	Acta neurochirurgica	2017	42	28799016	10.1007/s00701-017-3281-2	PMC5590032	https://pmc.ncbi.nlm.nih.gov/articles/PMC5590032/	fulltext/chari_2017_pmid28799016.xml	oa_xml
treatment_techniques	case_series_or_cohort	unspecified	sah_aneurysm;shunt_dependent_prior	titrated_evd;shunt_or_valve	no	Akinduro OO, Vivas-Buitrago TG, Haranhalli N, Ganaha S, Mbabuike N, Turnbull MT, Tawk RG, Freeman WD.	Predictors of Ventriculoperitoneal shunting following Subarachnoid Hemorrhage treated with External Ventricular Drainage	Neurocritical care	2020	25	31410771	10.1007/s12028-019-00802-8		https://pubmed.ncbi.nlm.nih.gov/31410771/		metadata_only
treatment_techniques	systematic_review	unspecified	sah_aneurysm;infection_inflammatory	titrated_evd	no	Palasz J, D'Antona L, Farrell S, Elborady MA, Watkins LD, Toma AK.	External ventricular drain management in subarachnoid haemorrhage: a systematic review and meta-analysis	Neurosurgical review	2022	43	34448080	10.1007/s10143-021-01627-w		https://pubmed.ncbi.nlm.nih.gov/34448080/		metadata_only
treatment_techniques	case_series_or_cohort	adult	skull_base_csf_leak;lumbar_puncture_or_drain;infection_inflammatory		no	Bakhshi SK, Suhail N, Mitha R, Moazzam M, Zahid N, Shamim MS.	Lumbar Drain for Temporary Cerebrospinal Fluid Diversion: Factors Related to the Risks of Complications at a University Hospital	World neurosurgery	2020	18	32711138	10.1016/j.wneu.2020.07.120		https://pubmed.ncbi.nlm.nih.gov/32711138/		metadata_only
treatment_techniques	case_series_or_cohort	mixed	skull_base_csf_leak;shunt_dependent_prior	shunt_or_valve	no	Rohde V, Mayfrank L, Ramakers VT, Gilsbach JM.	Four-year experience with the routine use of the programmable Hakim valve in the management of children with hydrocephalus	Acta neurochirurgica	1998	45	9870057	10.1007/s007010050226		https://pubmed.ncbi.nlm.nih.gov/9870057/		metadata_only
treatment_techniques	review	unspecified	sah_aneurysm;trauma;intraventricular_hemorrhage;shunt_dependent_prior	titrated_evd;shunt_or_valve;icp_monitoring	no	Bertuccio A, Marasco S, Longhitano Y, Romenskaya T, Elia A, Mezzini G, Vitali M, Zanza C, Barbanera A.	External Ventricular Drainage: A Practical Guide for Neuro-Anesthesiologists	Clinics and practice	2023	31	36826162	10.3390/clinpract13010020	PMC9955739	https://pmc.ncbi.nlm.nih.gov/articles/PMC9955739/	fulltext/bertuccio_2023_pmid36826162.xml	oa_xml
treatment_techniques	case_series_or_cohort	unspecified	sah_aneurysm;lumbar_puncture_or_drain	titrated_evd;positioning;shunt_or_valve	no	Speck V, Staykov D, Huttner HB, Sauer R, Schwab S, Bardutzky J.	Lumbar catheter for monitoring of intracranial pressure in patients with post-hemorrhagic communicating hydrocephalus	Neurocritical care	2011	24	20953846	10.1007/s12028-010-9459-6		https://pubmed.ncbi.nlm.nih.gov/20953846/		metadata_only
treatment_techniques	case_series_or_cohort	unspecified	shunt_dependent_prior	shunt_or_valve	no	Delwel EJ, de Jong DA, Dammers R, Kurt E, van den Brink W, Dirven CM.	A randomised trial of high and low pressure level settings on an adjustable ventriculoperitoneal shunt valve for idiopathic normal pressure hydrocephalus: results of the Dutch evaluation programme Strata shunt (DEPSS) trial	Journal of neurology, neurosurgery, and psychiatry	2013	22	23408069	10.1136/jnnp-2012-302935		https://pubmed.ncbi.nlm.nih.gov/23408069/		metadata_only
treatment_techniques	case_series_or_cohort	unspecified	lumbar_puncture_or_drain;intraventricular_hemorrhage;shunt_dependent_prior;aqueductal_obstructive	titrated_evd;shunt_or_valve	no	Staykov D, Huttner HB, Struffert T, Ganslandt O, Doerfler A, Schwab S, Bardutzky J.	Intraventricular fibrinolysis and lumbar drainage for ventricular hemorrhage	Stroke	2009	66	19679848	10.1161/strokeaha.109.551945		https://pubmed.ncbi.nlm.nih.gov/19679848/		metadata_only
treatment_techniques	case_report	unspecified	lumbar_puncture_or_drain		no	Dagnew E, van Loveren HR, Tew JM.	Acute foramen magnum syndrome caused by an acquired Chiari malformation after lumbar drainage of cerebrospinal fluid: report of three cases	Neurosurgery	2002	34	12188966	10.1227/00006123-200209000-00043		https://pubmed.ncbi.nlm.nih.gov/12188966/		metadata_only
treatment_techniques	case_series_or_cohort	unspecified	trauma;shunt_dependent_prior	shunt_or_valve	no	Miyake H, Kajimoto Y, Murai H, Nomura S, Ono S, Okamoto Y, Sumi Y.	Assessment of a quick reference table algorithm for determining initial postoperative pressure settings of programmable pressure valves in patients with idiopathic normal pressure hydrocephalus: SINPHONI subanalysis	Neurosurgery	2012	20	22653392	10.1227/neu.0b013e318260fef7		https://pubmed.ncbi.nlm.nih.gov/22653392/		metadata_only
treatment_techniques	case_series_or_cohort	unspecified	sah_aneurysm	titrated_evd;shunt_or_valve	no	Arroyo-Palacios J, Rudz M, Fidler R, Smith W, Ko N, Park S, Bai Y, Hu X.	Characterization of Shape Differences Among ICP Pulses Predicts Outcome of External Ventricular Drainage Weaning Trial	Neurocritical care	2016	12	27106888	10.1007/s12028-016-0268-4	PMC5075279	https://pmc.ncbi.nlm.nih.gov/articles/PMC5075279/		oa_unavailable
treatment_techniques	case_series_or_cohort	unspecified	intraventricular_hemorrhage;shunt_dependent_prior	titrated_evd;etv;shunt_or_valve	no	Noiphithak R, Phumichard T, Ratanavinitkul W, Rukskul P.	Prediction of Permanent Shunt Dependency in Patients with Intraventricular Hemorrhage: Outcomes of Early External Ventricular Drainage Weaning Protocol	World neurosurgery	2023	5	37689359	10.1016/j.wneu.2023.09.008		https://pubmed.ncbi.nlm.nih.gov/37689359/		metadata_only
treatment_techniques	case_series_or_cohort	adult	infection_inflammatory;trauma;shunt_dependent_prior	shunt_or_valve	no	Ringel F, Schramm J, Meyer B.	Comparison of programmable shunt valves vs standard valves for communicating hydrocephalus of adults: a retrospective analysis of 407 patients	Surgical neurology	2005	48	15639519	10.1016/j.surneu.2004.03.015		https://pubmed.ncbi.nlm.nih.gov/15639519/		metadata_only
treatment_techniques	case_series_or_cohort	unspecified	tumor_posterior_fossa;shunt_dependent_prior	shunt_or_valve;icp_monitoring	no	Toma AK, Tarnaris A, Kitchen ND, Watkins LD.	Continuous intracranial pressure monitoring in pseudotumour cerebri: Single centre experience	British journal of neurosurgery	2010	14	20632885	10.3109/02688697.2010.495169		https://pubmed.ncbi.nlm.nih.gov/20632885/		metadata_only
treatment_techniques	systematic_review	adult	sah_aneurysm;shunt_dependent_prior	titrated_evd;shunt_or_valve	no	Capion T, Lilja-Cyron A, Juhler M, Mathiesen TI, Wetterslev J.	Prompt closure versus gradual weaning of external ventricular drainage for hydrocephalus in adult patients with aneurysmal subarachnoid haemorrhage: a systematic review	BMJ open	2020	12	33243807	10.1136/bmjopen-2020-040722	PMC7692827	https://pmc.ncbi.nlm.nih.gov/articles/PMC7692827/	fulltext/capion_2020_pmid33243807.xml	oa_xml
treatment_techniques	case_series	unspecified	shunt_dependent_prior	shunt_or_valve	no	Lemcke J, Meier U.	Improved outcome in shunted iNPH with a combination of a Codman Hakim programmable valve and an Aesculap-Miethke ShuntAssistant	Central European neurosurgery	2010	31	20373276	10.1055/s-0029-1241179		https://pubmed.ncbi.nlm.nih.gov/20373276/		metadata_only
treatment_techniques	case_series_or_cohort	adult	shunt_dependent_prior	shunt_or_valve;icp_monitoring	no	Toma AK, Tarnaris A, Kitchen ND, Watkins LD.	Investigating shunt function using continuous intracranial pressure monitoring in adults: single center experience	Journal of neurosurgery	2010	9	20799857	10.3171/2010.8.jns1067		https://pubmed.ncbi.nlm.nih.gov/20799857/		metadata_only
treatment_techniques	case_series_or_cohort	unspecified	sah_aneurysm;infection_inflammatory;intraventricular_hemorrhage	titrated_evd;shunt_or_valve	no	Jabbarli R, Pierscianek D, RÖlz R, Reinhard M, Darkwah Oppong M, Scheiwe C, Dammann P, Kaier K, Wrede KH, Shah M, Zentner J, Sure U.	Gradual External Ventricular Drainage Weaning Reduces The Risk of Shunt Dependency After Aneurysmal Subarachnoid Hemorrhage: A Pooled Analysis	Operative neurosurgery (Hagerstown, Md.)	2018	24	29490068	10.1093/ons/opy009		https://pubmed.ncbi.nlm.nih.gov/29490068/		metadata_only
treatment_techniques	case_series_or_cohort	adult	skull_base_csf_leak	shunt_or_valve;icp_monitoring	no	Maroufi SF, Puppalla P, Chandan Reddy S, Katkade O, Meggyesy M, Theodore JN, Lee RP, Rao A, Luciano MG.	Utility of intracranial pressure monitoring in idiopathic intracranial hypertension patients with refractory headaches: an 8-year, single-surgeon, specialized-center retrospective study	Neurosurgical focus	2026	1	41569756	10.3171/2025.10.focus25867	PMC13399064	https://pmc.ncbi.nlm.nih.gov/articles/PMC13399064/		oa_unavailable
treatment_techniques	case_series_or_cohort	unspecified	sah_aneurysm;infection_inflammatory;shunt_dependent_prior	titrated_evd;shunt_or_valve	no	Capion T, Lilja-Cyron A, Olsen MH, Juhler M, Møller K, Sorteberg A, Rønning PA, Poulsen FR, Wismann J, Ravlo C, Isaksen J, Lindschou J, Gluud C, Mathiesen T.	Prompt closure versus gradual weaning of external ventricular drainage for hydrocephalus following aneurysmal subarachnoid haemorrhage: Protocol for the DRAIN randomised clinical trial	Acta anaesthesiologica Scandinavica	2023	6	37165711	10.1111/aas.14263		https://pubmed.ncbi.nlm.nih.gov/37165711/		metadata_only
treatment_techniques	case_series	pediatric	shunt_dependent_prior	titrated_evd;etv;shunt_or_valve	no	Fukuhara T, Vorster SJ, Luciano MG.	Critical shunt-induced subdural hematoma treated with combined pressure-programmable valve implantation and endoscopic third ventriculostomy	Pediatric neurosurgery	2000	14	11025421	10.1159/000028973		https://pubmed.ncbi.nlm.nih.gov/11025421/		metadata_only
treatment_techniques	case_series_or_cohort	unspecified	trauma;intraventricular_hemorrhage	titrated_evd	no	Gu JC, Wu H, Chen XZ, Feng JF, Gao GY, Jiang JY, Mao Q.	Intracranial Pressure during External Ventricular Drainage Weaning Is an Outcome Predictor of Traumatic Brain Injury	BioMed research international	2020	4	32695822	10.1155/2020/8379134	PMC7368209	https://pmc.ncbi.nlm.nih.gov/articles/PMC7368209/	fulltext/gu_2020_pmid32695822.xml	oa_xml
treatment_techniques	case_series_or_cohort	unspecified	shunt_dependent_prior	shunt_or_valve;icp_monitoring	no	Lemcke J, Meier U, Müller C, Fritsch M, Kiefer M, Eymann R, Kehler U, Langer N, Schuhmann MU, Speil A, Weber F, Remenez V, Rohde V, Ludwig HC, Stengel D.	On the method of a randomised comparison of programmable valves with and without gravitational units: the SVASONA study	Acta neurochirurgica. Supplement	2012	9	22327702	10.1007/978-3-7091-0956-4_48		https://pubmed.ncbi.nlm.nih.gov/22327702/		metadata_only
treatment_techniques	case_series_or_cohort	pediatric	skull_base_csf_leak;infection_inflammatory;shunt_dependent_prior	shunt_or_valve	no	Korinth MC, Weinzierl MR, Gilsbach JM.	Experience with a new concept to lower non-infectious complications in infants with programmable shunts	European journal of pediatric surgery : official journal of Austrian Association of Pediatric Surgery ... [et al] = Zeitschrift fur Kinderchirurgie	2003	8	12776237	10.1055/s-2003-39585		https://pubmed.ncbi.nlm.nih.gov/12776237/		metadata_only
treatment_techniques	clinical_or_mechanistic_study	unspecified		shunt_or_valve	no	Portnoy HD, Tripp L, Croissant PD.	Hydrodynamics of shunt valves	Child's brain	1976	13	991667	10.1159/000119621		https://pubmed.ncbi.nlm.nih.gov/991667/		metadata_only
treatment_techniques	case_series_or_cohort	unspecified	sah_aneurysm;infection_inflammatory;intraventricular_hemorrhage;shunt_dependent_prior	titrated_evd;shunt_or_valve	no	Garrido E, Lozouet M, Gilard V, Garel P, Glenisson J, Burel J, Derrey S.	Permanent ventricular shunt and risk of meningitis: Challenges in weaning from external ventricular drain	Neuro-Chirurgie	2026	1	41289673	10.1016/j.neuchi.2025.101748		https://pubmed.ncbi.nlm.nih.gov/41289673/		metadata_only
etiology_settings	case_series_or_cohort	unspecified	sah_aneurysm;craniectomy_skin_flap;infection_inflammatory;trauma	shunt_or_valve	yes	Svedung Wettervik T, Lewén A, Enblad P.	Post-traumatic hydrocephalus - incidence, risk factors, treatment, and clinical outcome	British journal of neurosurgery	2022	20	34414834	10.1080/02688697.2021.1967289		https://pubmed.ncbi.nlm.nih.gov/34414834/		metadata_only
etiology_settings	case_series_or_cohort	unspecified	craniectomy_skin_flap;shunt_dependent_prior	shunt_or_valve	yes	Zheng RZ, Xu Z, Wang Z, Qi ZX, Hu J, Mao Y, Wu XH.	Clinical Characteristics of and Treatment Strategy for Hydrocephalus in Patients With Severe Disorders of Consciousness	Journal of neurotrauma	2023	3	36994490	10.1089/neu.2022.0337		https://pubmed.ncbi.nlm.nih.gov/36994490/		metadata_only
etiology_settings	case_series	pediatric	craniectomy_skin_flap;infection_inflammatory	shunt_or_valve	no	Walsh JW, James HE.	Subtemporal craniectomy and elevation of shunt valve opening pressure in the management of small ventricle-induced cerebrospinal fluid shunt dysfunction	Neurosurgery	1982	26	7110543	10.1227/00006123-198206010-00004		https://pubmed.ncbi.nlm.nih.gov/7110543/		metadata_only
etiology_settings	case_series_or_cohort	pediatric	skull_base_csf_leak;shunt_dependent_prior	titrated_evd;shunt_or_valve	no	Udayakumaran S, Rathod CT.	Tailored Strategies to Manage Cerebrospinal Fluid Leaks or Pseudomeningocele After Surgery for Tethered Cord Syndrome	World neurosurgery	2018	12	29605699	10.1016/j.wneu.2018.03.144		https://pubmed.ncbi.nlm.nih.gov/29605699/		metadata_only
etiology_settings	review	unspecified	skull_base_csf_leak;craniectomy_skin_flap;infection_inflammatory;trauma;intraventricular_hemorrhage		no	Ding J, Guo Y, Tian H.	The influence of decompressive craniectomy on the development of hydrocephalus: a review	Arquivos de neuro-psiquiatria	2014	43	25252237	10.1590/0004-282x20140106		https://pubmed.ncbi.nlm.nih.gov/25252237/		metadata_only
etiology_settings	case_series_or_cohort	unspecified	skull_base_csf_leak;lumbar_puncture_or_drain	shunt_or_valve	no	Smith GA, Strohl MP, Manjila S, Miller JP.	Incidence, Management, and Outcome of Symptomatic Postoperative Posterior Fossa Pseudomeningocele: A Retrospective Single-Institution Experience	Operative neurosurgery (Hagerstown, Md.)	2016	11	29506116	10.1227/neu.0000000000001329		https://pubmed.ncbi.nlm.nih.gov/29506116/		metadata_only
etiology_settings	case_series_or_cohort	unspecified	craniectomy_skin_flap;shunt_dependent_prior	titrated_evd;shunt_or_valve	no	Kutty RK, Sreemathyamma SB, Sivanandapanicker J, Asher P, Prabhakar RB, Peethambaran A, Libu GK.	The Conundrum of Ventricular Dilatations Following Decompressive Craniectomy: Is Ventriculoperitoneal Shunt, The Only Panacea?	Journal of neurosciences in rural practice	2018	8	29725175	10.4103/jnrp.jnrp_395_17	PMC5912030	https://pmc.ncbi.nlm.nih.gov/articles/PMC5912030/	fulltext/kutty_2018_pmid29725175.xml	oa_xml
etiology_settings	case_series_or_cohort	unspecified	tumor_posterior_fossa;lumbar_puncture_or_drain;shunt_dependent_prior	shunt_or_valve	no	Chang KW, Jeon WJ, Lee WJ, Chong K, Lee SH, Choi JW, Kong DS, Seol HJ, Nam DH, Lee JI.	Lumbar-ventricular cerebrospinal fluid pressure discrepancy in leptomeningeal metastasis associated intracranial hypertension	Fluids and barriers of the CNS	2026	0	42218510	10.1186/s12987-026-00815-4	PMC13440095	https://pmc.ncbi.nlm.nih.gov/articles/PMC13440095/	fulltext/chang_2026_pmid42218510.xml	oa_xml
etiology_settings	case_report	unspecified	craniectomy_skin_flap	subzero_evd	no	Bhatjiwale MM, Mariswamappa K, Chandrachari KP, Bhatjiwale M, Joshi T, Hegde T, Kulkarni AV.	Malignant bihemispheric cerebral edema after cranioplasty - An extension of the Monro-Kellie doctrine and predictive factors	Surgical neurology international	2023	3	37680924	10.25259/sni_391_2023	PMC10481858	https://pmc.ncbi.nlm.nih.gov/articles/PMC10481858/	fulltext/bhatjiwale_2023_pmid37680924.xml	oa_xml
etiology_settings	case_series_or_cohort	unspecified	lumbar_puncture_or_drain;craniectomy_skin_flap;trauma	icp_monitoring	no	Joshua SP, Agrawal D, Sharma BS, Mahapatra AK.	Papilloedema as a non-invasive marker for raised intra-cranial pressure following decompressive craniectomy for severe head injury	Clinical neurology and neurosurgery	2011	6	21676532	10.1016/j.clineuro.2011.05.012		https://pubmed.ncbi.nlm.nih.gov/21676532/		metadata_only
etiology_settings	case_series_or_cohort	unspecified	craniectomy_skin_flap;shunt_dependent_prior	shunt_or_valve	no	Wan Y, Fei X, Shi L, Jiang D, Chen H, Wang Z, Zeng Y.	Methods of intra-operative treatment of cranioplasty in patients with abnormal bone window flap pressure after decompressive craniectomy	Clinical neurology and neurosurgery	2016	4	26971294	10.1016/j.clineuro.2016.03.001		https://pubmed.ncbi.nlm.nih.gov/26971294/		metadata_only
etiology_settings	case_report	adult	skull_base_csf_leak	shunt_or_valve	no	Bakhsh A, Elmolla M, Buxton N, Brodbelt A.	Chronic CSF leak from lumbar-peritoneal shunt tract: A case report	Surgical neurology international	2022	2	35673636	10.25259/sni_1084_2021	PMC9168392	https://pmc.ncbi.nlm.nih.gov/articles/PMC9168392/	fulltext/bakhsh_2022_pmid35673636.xml	oa_xml
etiology_settings	case_series_or_cohort	unspecified	skull_base_csf_leak;lumbar_puncture_or_drain;shunt_dependent_prior	titrated_evd;etv;shunt_or_valve	no	Kumar S, Rode VV, Sahana D, Ranjan RK, Rathore L, Chandrakar N, Jain A, Tawari M, Sahu RK.	Extra-Axial Endoscopic Third Ventriculostomy (EAETV) - A Novel Remedy to Contain Persistent Cerebrospinal Fluid Leak After Infratentorial Neurosurgery	Neurology India	2025	0	41215506	10.4103/neurol-india.neurol-india-d-24-00885		https://pubmed.ncbi.nlm.nih.gov/41215506/		metadata_only
etiology_settings	case_report	unspecified	lumbar_puncture_or_drain;infection_inflammatory		no	Ben-Nakhi A, Muttikkal TJ, Ashebu SD, Keluth Chavan VN.	Bilateral subdural hemorrhage following lumbar puncture in a case of suspected meningitis. A case report	The neuroradiology journal	2008	2	24256823	10.1177/197140090802100204		https://pubmed.ncbi.nlm.nih.gov/24256823/		metadata_only
adjacent_differentials	case_series	unspecified	sah_aneurysm;lumbar_puncture_or_drain	titrated_evd;shunt_or_valve	no	Staykov D, Speck V, Volbers B, Wagner I, Saake M, Doerfler A, Schwab S, Bardutzky J.	Early recognition of lumbar overdrainage by lumboventricular pressure gradient	Neurosurgery	2011	22	21273925	10.1227/neu.0b013e31820c0274		https://pubmed.ncbi.nlm.nih.gov/21273925/		metadata_only
adjacent_differentials	case_series	unspecified	tumor_posterior_fossa;shunt_dependent_prior	shunt_or_valve	no	Bateman GA.	Hypertensive slit ventricle syndrome: pseudotumor cerebri with a malfunctioning shunt?	Journal of neurosurgery	2013	20	23991845	10.3171/2013.7.jns13390		https://pubmed.ncbi.nlm.nih.gov/23991845/		metadata_only
adjacent_differentials	case_series_or_cohort	mixed	shunt_dependent_prior	subzero_evd;shunt_or_valve	no	Eide PK, Sroka M, Wozniak A, Sæhle T.	Morphological characterization of cardiac induced intracranial pressure (ICP) waves in patients with overdrainage of cerebrospinal fluid and negative ICP	Medical engineering & physics	2012	11	22153319	10.1016/j.medengphy.2011.11.011		https://pubmed.ncbi.nlm.nih.gov/22153319/		metadata_only
adjacent_differentials	case_series_or_cohort	unspecified	aqueductal_obstructive		no	Bateman GA.	The pathophysiology of idiopathic normal pressure hydrocephalus: cerebral ischemia or altered venous hemodynamics?	AJNR. American journal of neuroradiology	2008	115	17925373	10.3174/ajnr.a0739	PMC8119093	https://pmc.ncbi.nlm.nih.gov/articles/PMC8119093/		oa_unavailable
adjacent_differentials	experimental	mixed	aqueductal_obstructive	titrated_evd;etv;shunt_or_valve	no	Oi S, Di Rocco C.	"Proposal of ""evolution theory in cerebrospinal fluid dynamics"" and minor pathway hydrocephalus in developing immature brain"	Child's nervous system : ChNS : official journal of the International Society for Pediatric Neurosurgery	2006	137	16685545	10.1007/s00381-005-0020-4		https://pubmed.ncbi.nlm.nih.gov/16685545/		metadata_only
adjacent_differentials	case_series_or_cohort	unspecified	skull_base_csf_leak;lumbar_puncture_or_drain	shunt_or_valve	no	Atkinson JL, Weinshenker BG, Miller GM, Piepgras DG, Mokri B.	Acquired Chiari I malformation secondary to spontaneous spinal cerebrospinal fluid leakage and chronic intracranial hypotension syndrome in seven cases	Journal of neurosurgery	1998	106	9452230	10.3171/jns.1998.88.2.0237		https://pubmed.ncbi.nlm.nih.gov/9452230/		metadata_only
adjacent_differentials	case_series_or_cohort	unspecified		titrated_evd;etv;shunt_or_valve;icp_monitoring	no	Baskin JJ, Manwaring KH, Rekate HL.	Ventricular shunt removal: the ultimate treatment of the slit ventricle syndrome	Journal of neurosurgery	1998	94	9488301	10.3171/jns.1998.88.3.0478		https://pubmed.ncbi.nlm.nih.gov/9488301/		metadata_only
adjacent_differentials	clinical_or_mechanistic_study	pediatric	infection_inflammatory	shunt_or_valve	no	Faulhauer K, Schmitz P.	Overdrainage phenomena in shunt treated hydrocephalus	Acta neurochirurgica	1978	113	742440	10.1007/bf01774384		https://pubmed.ncbi.nlm.nih.gov/742440/		metadata_only
adjacent_differentials	review	unspecified	tumor_posterior_fossa;shunt_dependent_prior	titrated_evd;etv;shunt_or_valve	no	Rekate HL.	Shunt-related headaches: the slit ventricle syndromes	Child's nervous system : ChNS : official journal of the International Society for Pediatric Neurosurgery	2008	75	18259760	10.1007/s00381-008-0579-7		https://pubmed.ncbi.nlm.nih.gov/18259760/		metadata_only
adjacent_differentials	clinical_or_mechanistic_study	mixed		shunt_or_valve	no	Aschoff A, Kremer P, Benesch C, Fruh K, Klank A, Kunze S.	Overdrainage and shunt technology. A critical comparison of programmable, hydrostatic and variable-resistance valves and flow-reducing devices	Child's nervous system : ChNS : official journal of the International Society for Pediatric Neurosurgery	1995	91	7621479	10.1007/bf00277653		https://pubmed.ncbi.nlm.nih.gov/7621479/		metadata_only
adjacent_differentials	case_series_or_cohort	unspecified	lumbar_puncture_or_drain;aqueductal_obstructive	shunt_or_valve	no	Khan QU, Wharen RE, Grewal SS, Thomas CS, Deen HG, Reimer R, Van Gerpen JA, Crook JE, Graff-Radford NR.	Overdrainage shunt complications in idiopathic normal-pressure hydrocephalus and lumbar puncture opening pressure	Journal of neurosurgery	2013	48	23930853	10.3171/2013.7.jns13484		https://pubmed.ncbi.nlm.nih.gov/23930853/		metadata_only
adjacent_differentials	case_series	pediatric	shunt_dependent_prior	shunt_or_valve	no	Oi S, Matsumoto S.	Infantile hydrocephalus and the slit ventricle syndrome in early infancy	Child's nervous system : ChNS : official journal of the International Society for Pediatric Neurosurgery	1987	59	3652064	10.1007/bf00717890		https://pubmed.ncbi.nlm.nih.gov/3652064/		metadata_only
adjacent_differentials	case_series_or_cohort	pediatric		positioning;shunt_or_valve	no	Gruber R, Jenny P, Herzog B.	Experiences with the anti-siphon device (ASD) in shunt therapy of pediatric hydrocephalus	Journal of neurosurgery	1984	62	6726390	10.3171/jns.1984.61.1.0156		https://pubmed.ncbi.nlm.nih.gov/6726390/		metadata_only
adjacent_differentials	case_report	adult	skull_base_csf_leak	titrated_evd;csf_leak_repair	no	Binder DK, Dillon WP, Fishman RA, Schmidt MH.	Intrathecal saline infusion in the treatment of obtundation associated with spontaneous intracranial hypotension: technical case report	Neurosurgery	2002	73	12188967	10.1227/00006123-200209000-00045		https://pubmed.ncbi.nlm.nih.gov/12188967/		metadata_only
adjacent_differentials	review	unspecified	sah_aneurysm;intraventricular_hemorrhage	titrated_evd;etv;shunt_or_valve	no	Kuo LT, Huang AP.	The Pathogenesis of Hydrocephalus Following Aneurysmal Subarachnoid Hemorrhage	International journal of molecular sciences	2021	56	34068783	10.3390/ijms22095050	PMC8126203	https://pmc.ncbi.nlm.nih.gov/articles/PMC8126203/	fulltext/kuo_2021_pmid34068783.xml	oa_xml
adjacent_differentials	case_series	unspecified	sah_aneurysm;tumor_posterior_fossa;skull_base_csf_leak;lumbar_puncture_or_drain	csf_leak_repair	no	Samadani U, Huang JH, Baranov D, Zager EL, Grady MS.	Intracranial hypotension after intraoperative lumbar cerebrospinal fluid drainage	Neurosurgery	2003	45	12493112	10.1097/00006123-200301000-00019		https://pubmed.ncbi.nlm.nih.gov/12493112/		metadata_only
adjacent_differentials	systematic_review	mixed	shunt_dependent_prior	shunt_or_valve	no	Pedersen SH, Prein TH, Ammar A, Grotenhuis A, Hamilton MG, Hansen TS, Kehler U, Rekate H, Thomale UW, Juhler M.	How to define CSF overdrainage: a systematic literature review	Acta neurochirurgica	2023	12	36639536	10.1007/s00701-022-05469-3		https://pubmed.ncbi.nlm.nih.gov/36639536/		metadata_only
adjacent_differentials	review	unspecified	sah_aneurysm	shunt_or_valve	no	Chen S, Luo J, Reis C, Manaenko A, Zhang J.	Hydrocephalus after Subarachnoid Hemorrhage: Pathophysiology, Diagnosis, and Treatment	BioMed research international	2017	101	28373987	10.1155/2017/8584753	PMC5360938	https://pmc.ncbi.nlm.nih.gov/articles/PMC5360938/	fulltext/chen_2017_pmid28373987.xml	oa_xml
adjacent_differentials	experimental	unspecified	shunt_dependent_prior	shunt_or_valve	no	Czosnyka Z, Czosnyka M, Richards HK, Pickard JD.	Posture-related overdrainage: comparison of the performance of 10 hydrocephalus shunts in vitro	Neurosurgery	1998	56	9482183	10.1097/00006123-199802000-00069		https://pubmed.ncbi.nlm.nih.gov/9482183/		metadata_only
adjacent_differentials	case_series_or_cohort	pediatric	shunt_dependent_prior	shunt_or_valve	no	Serlo W, Heikkinen E, Saukkonen AL, von Wendt L.	Classification and management of the slit ventricle syndrome	Child's nervous system : ChNS : official journal of the International Society for Pediatric Neurosurgery	1985	47	4064018	10.1007/bf00270761		https://pubmed.ncbi.nlm.nih.gov/4064018/		metadata_only
adjacent_differentials	case_series_or_cohort	pediatric	infection_inflammatory;shunt_dependent_prior	shunt_or_valve	no	Clark S, Sangra M, Hayhurst C, Kandasamy J, Jenkinson M, Lee M, Mallucci C.	The use of noninvasive electromagnetic neuronavigation for slit ventricle syndrome and complex hydrocephalus in a pediatric population	Journal of neurosurgery. Pediatrics	2008	36	19035692	10.3171/ped.2008.2.12.430		https://pubmed.ncbi.nlm.nih.gov/19035692/		metadata_only
adjacent_differentials	case_series_or_cohort	pediatric		shunt_or_valve	no	Serlo W, Saukkonen AL, Heikkinen E, von Wendt L.	The incidence and management of the slit ventricle syndrome	Acta neurochirurgica	1989	43	2773680	10.1007/bf01402318		https://pubmed.ncbi.nlm.nih.gov/2773680/		metadata_only
adjacent_differentials	case_series_or_cohort	pediatric		positioning;shunt_or_valve	no	Gruber RW, Roehrig B.	Prevention of ventricular catheter obstruction and slit ventricle syndrome by the prophylactic use of the Integra antisiphon device in shunt therapy for pediatric hypertensive hydrocephalus: a 25-year follow-up study	Journal of neurosurgery. Pediatrics	2010	31	20043731	10.3171/2008.7.17690		https://pubmed.ncbi.nlm.nih.gov/20043731/		metadata_only
adjacent_differentials	case_report	unspecified	skull_base_csf_leak	shunt_or_valve	no	Mokri B, Atkinson JL, Piepgras DG.	Absent headache despite CSF volume depletion (intracranial hypotension)	Neurology	2000	51	11113229	10.1212/wnl.55.11.1722		https://pubmed.ncbi.nlm.nih.gov/11113229/		metadata_only
adjacent_differentials	case_series_or_cohort	adult	infection_inflammatory;shunt_dependent_prior	shunt_or_valve	no	Desai VR, Sadrameli SS, Jenson AV, Asante SK, Daniels B, Trask TW, Britz G.	Ventriculoperitoneal shunt complications in an adult population: A comparison of various shunt designs to prevent overdrainage	Surgical neurology international	2020	31	33033631	10.25259/sni_38_2020	PMC7538957	https://pmc.ncbi.nlm.nih.gov/articles/PMC7538957/	fulltext/desai_2020_pmid33033631.xml	oa_xml
adjacent_differentials	review	pediatric	shunt_dependent_prior	shunt_or_valve	no	Browd SR, Gottfried ON, Ragel BT, Kestle JR.	Failure of cerebrospinal fluid shunts: part II: overdrainage, loculation, and abdominal complications	Pediatric neurology	2006	115	16504785	10.1016/j.pediatrneurol.2005.05.021		https://pubmed.ncbi.nlm.nih.gov/16504785/		metadata_only
adjacent_differentials	case_report	pediatric		shunt_or_valve	no	Albright AL, Tyler-Kabara E.	Slit-ventricle syndrome secondary to shunt-induced suture ossification	Neurosurgery	2001	45	11322436	10.1097/00006123-200104000-00013		https://pubmed.ncbi.nlm.nih.gov/11322436/		metadata_only
adjacent_differentials	case_series_or_cohort	adult		shunt_or_valve	no	Freimann FB, Sprung C.	Shunting with gravitational valves--can adjustments end the era of revisions for overdrainage-related events?: clinical article	Journal of neurosurgery	2012	26	22998061	10.3171/2012.8.jns1233		https://pubmed.ncbi.nlm.nih.gov/22998061/		metadata_only
adjacent_differentials	case_series_or_cohort	unspecified		titrated_evd;etv;shunt_or_valve	no	Chernov MF, Kamikawa S, Yamane F, Ishihara S, Hori T.	Neurofiberscope-guided management of slit-ventricle syndrome due to shunt placement	Journal of neurosurgery	2005	29	15881749	10.3171/ped.2005.102.3.0260		https://pubmed.ncbi.nlm.nih.gov/15881749/		metadata_only
adjacent_differentials	case_series_or_cohort	pediatric	infection_inflammatory;shunt_dependent_prior	shunt_or_valve	no	Major O, Fedorcsák I, Sipos L, Hantos P, Kónya E, Dobronyi I, Paraicz E.	Slit-ventricle syndrome in shunt operated children	Acta neurochirurgica	1994	32	7942186	10.1007/bf01808550		https://pubmed.ncbi.nlm.nih.gov/7942186/		metadata_only
historical_lph_as_nph	clinical_or_mechanistic_study	unspecified			yes	Greitz TV, Grepe AO, Kalmér MS, Lopez J.	Pre- and postoperative evaluation of cerebral blood flow in low-pressure hydrocephalus	Journal of neurosurgery	1969	74	5359210	10.3171/jns.1969.31.6.0644		https://pubmed.ncbi.nlm.nih.gov/5359210/		metadata_only
historical_lph_as_nph	clinical_or_mechanistic_study	unspecified			yes	Symon L, Dorsch NW, Stephens RJ.	Pressure waves in so-called low-pressure hydrocephalus	Lancet (London, England)	1972	58	4117815	10.1016/s0140-6736(72)92658-x		https://pubmed.ncbi.nlm.nih.gov/4117815/		metadata_only
historical_lph_as_nph	case_series_or_cohort	unspecified			yes	Bannister CM.	A report of eight patients with low pressure hydrocephalus treated by C.S.F. diversion with disappointing results	Acta neurochirurgica	1972	22	4540544	10.1007/bf01402168		https://pubmed.ncbi.nlm.nih.gov/4540544/		metadata_only
historical_lph_as_nph	case_series	unspecified			yes	Ingvar DH, Risberg J, Schwartz MS.	Evidence of subnormal function of association cortex in presenile dementia	Neurology	1975	30	1237107	10.1212/wnl.25.10.964		https://pubmed.ncbi.nlm.nih.gov/1237107/		metadata_only
historical_lph_as_nph	case_series_or_cohort	adult	infection_inflammatory;shunt_dependent_prior	shunt_or_valve	yes	Hash CJ, Shenkin HA, Crowder LE.	Ventricle to sagittal sinus shunt for hydrocephalus	Neurosurgery	1979	11	460566	10.1227/00006123-197905000-00004		https://pubmed.ncbi.nlm.nih.gov/460566/		metadata_only
historical_lph_as_nph	clinical_or_mechanistic_study	unspecified			yes	Aleksic SN, George AE.	Dementia and low-pressure hydrocephalus in a patient with pituitary adenoma	Journal of the neurological sciences	1973	5	4541480	10.1016/0022-510x(73)90097-x		https://pubmed.ncbi.nlm.nih.gov/4541480/		metadata_only
historical_lph_as_nph	computational_model	unspecified			yes	Bloch R, Talalla A.	A mathematical model of cerebrospinal fluid dynamics	Journal of the neurological sciences	1976	9	1262906	10.1016/0022-510x(76)90215-x		https://pubmed.ncbi.nlm.nih.gov/1262906/		metadata_only
historical_lph_as_nph	case_series_or_cohort	unspecified			yes	Singounas EG, Krasanakis C, Karvounis PC.	Observations on the pathogenesis of low pressure hydrocephalus. Analysis of 25 cases	Neurochirurgia	1976	9	1250499	10.1055/s-0028-1090384		https://pubmed.ncbi.nlm.nih.gov/1250499/		metadata_only
historical_lph_as_nph	case_series	unspecified	shunt_dependent_prior	shunt_or_valve	yes	Raimondi AJ, Gutierrez FA, Jones RR, Winston SR.	Cystic cavum veli interpositi associated with normal or low pressure hydrocephalus	Child's brain	1975	7	1175442	10.1159/000119579		https://pubmed.ncbi.nlm.nih.gov/1175442/		metadata_only
historical_lph_as_nph	experimental	unspecified	aqueductal_obstructive		yes	Lindvall M, Owman C.	Sympathetic nervous control of cerebrospinal fluid production in experimental obstructive hydrocephalus	Experimental neurology	1984	16	6723882	10.1016/0014-4886(84)90208-5		https://pubmed.ncbi.nlm.nih.gov/6723882/		metadata_only
historical_lph_as_nph	case_series_or_cohort	unspecified		shunt_or_valve;icp_monitoring	yes	Janny P, Colnet G, Veyre A, Chazal J, Barretto LC.	[Normal pressure hydrocephalus. Pre- and postoperative study of 56 cases (author's transl)]	Neuro-Chirurgie	1981	10	7279095			https://pubmed.ncbi.nlm.nih.gov/7279095/		metadata_only
historical_lph_as_nph	clinical_or_mechanistic_study	unspecified			yes	Meixensberger J, Brawanski A, Ullrich OW, Gunreben G.	Cerebral blood flow in low pressure hydrocephalus	Psychiatry research	1989	5	2608784	10.1016/0165-1781(89)90073-5		https://pubmed.ncbi.nlm.nih.gov/2608784/		metadata_only
historical_lph_as_nph	case_report	unspecified			yes	Martin G.	Lundberg's B waves as a feature of normal intracranial pressure	Surgical neurology	1978	13	675492			https://pubmed.ncbi.nlm.nih.gov/675492/		metadata_only
historical_lph_as_nph	clinical_or_mechanistic_study	unspecified			yes	Ingram TT.	'Low-pressure hydrocephalus'	Developmental medicine and child neurology	1971	4	5119928			https://pubmed.ncbi.nlm.nih.gov/5119928/		metadata_only
historical_lph_as_nph	clinical_or_mechanistic_study	unspecified			yes	Jensen F, Malmros R, Hansen HH.	Isotope encephalography in low-pressure hydrocephalus	Acta neurologica Scandinavica	1970	4	5457870	10.1111/j.1600-0404.1970.tb02169.x		https://pubmed.ncbi.nlm.nih.gov/5457870/		metadata_only
historical_lph_as_nph	case_series_or_cohort	unspecified			yes	Botez MI, Léveillé J, Bérubé L, Botez-Marquard T.	Occult disorders of the cerebrospinal fluid dynamics. Early diagnosis criteria	European neurology	1975	6	1149749	10.1159/000114677		https://pubmed.ncbi.nlm.nih.gov/1149749/		metadata_only
historical_lph_as_nph	clinical_or_mechanistic_study	unspecified			yes	Cold G, Jensen F, Malmros R.	Intraventricular isotope encephalography, continuous intraventricular pressure recording and biochemical changes in the cerebrospinal fluid in low-pressure hydrocephalus	Danish medical bulletin	1977	3	837736			https://pubmed.ncbi.nlm.nih.gov/837736/		metadata_only
historical_lph_as_nph	case_series_or_cohort	unspecified		icp_monitoring	yes	Sjaastad O, Nornes H.	Increased intracranial pressure in so-called 'normal-pressure hydrocephalus'	European neurology	1976	3	1278191	10.1159/000114738		https://pubmed.ncbi.nlm.nih.gov/1278191/		metadata_only
historical_lph_as_nph	case_series_or_cohort	unspecified			yes	Voigt K, Greitz T.	Cerebral blood volume alterations during fractional pneumoencephalography	AJR. American journal of roentgenology	1976	2	178206	10.2214/ajr.126.3.582		https://pubmed.ncbi.nlm.nih.gov/178206/		metadata_only
historical_lph_as_nph	case_series	unspecified			yes	Nehlil J.	[Low-pressure hydrocephalus and psychoses. Apropos of 2 cases]	Annales medico-psychologiques	1975	0	1232893			https://pubmed.ncbi.nlm.nih.gov/1232893/		metadata_only
historical_lph_as_nph	case_series_or_cohort	unspecified			yes	Mata González P, Vázquez Herrero C, Ayuso Gutiérrez JL, Calve Pérez A, Vázquez Rodríguez A, Morales Otal MA.	[Low-pressure hydrocephalus. A clinical study of 18 patients]	Revista clinica espanola	1977	0	605235			https://pubmed.ncbi.nlm.nih.gov/605235/		metadata_only
historical_lph_as_nph	case_series_or_cohort	unspecified			yes	Kulczycki J, Kryst-Widźgowska T, Honczarenko K, Dworak W, Buksowicz C.	[Diagnostic value of radioisotope cisternography in low-pressure hydrocephalus syndrome]	Neurologia i neurochirurgia polska	1978	0	683432			https://pubmed.ncbi.nlm.nih.gov/683432/		metadata_only
historical_lph_as_nph	case_series_or_cohort	unspecified		shunt_or_valve	yes	Herskovits E, Matera R, Matera R.	[Considerations on low pressure hydrocephalus]	Arquivos de neuro-psiquiatria	1976	0	985149	10.1590/s0004-282x1976000400007		https://pubmed.ncbi.nlm.nih.gov/985149/		metadata_only
historical_lph_as_nph	clinical_or_mechanistic_study	unspecified	tumor_posterior_fossa		yes	Mumenthaler M.	[Reversible and preventable dementias]	Schweizerische medizinische Wochenschrift	1987	2	3616587			https://pubmed.ncbi.nlm.nih.gov/3616587/		metadata_only
historical_lph_as_nph	clinical_or_mechanistic_study	unspecified		shunt_or_valve	yes	Mazars G, Pull H.	[Neurosurgical treatment of headaches]	Minerva medica	1976	2	934549			https://pubmed.ncbi.nlm.nih.gov/934549/		metadata_only
historical_lph_as_nph	clinical_or_mechanistic_study	unspecified			yes	Rivero Hernández MS, Ayuso Gutiérrez JL, Calvé Pérez A.	[Diagnosis of the psycho-organic syndrome in low pressure hydrocephalus using the Wechsler-Bellevue test]	Actas luso-espanolas de neurologia, psiquiatria y ciencias afines	1975	0	1211270			https://pubmed.ncbi.nlm.nih.gov/1211270/		metadata_only
historical_lph_as_nph	clinical_or_mechanistic_study	unspecified		icp_monitoring	yes	Bozzao L, Fantozzi LM, Gagliardi F.	[Low-pressure hydrocephalus. Diagnostic value of the infusion test]	Recenti progressi in medicina	1974	0	4408072			https://pubmed.ncbi.nlm.nih.gov/4408072/		metadata_only
historical_lph_as_nph	clinical_or_mechanistic_study	adult	tumor_posterior_fossa		yes	Mumenthaler M.	[Cerebral sclerosis. Diagnostic criteria and differential diagnostic consideration in practice]	Schweizerische medizinische Wochenschrift	1975	1	237320			https://pubmed.ncbi.nlm.nih.gov/237320/		metadata_only
