category	authors	title	venue	year	pmid	pmcid	doi	url	local_fulltext	notes
A_anticar_evidence_solid	Tebas P et al.	Clinical trial results provide the rationale to protect dual HIV-specific T cells with a signaling-defective HIV fusion inhibitor.	Mol Ther	2026	41520175	PMC12974173	10.1016/j.ymthe.2026.01.006	https://doi.org/10.1016/j.ymthe.2026.01.006	not_open_access	2026 Mol Ther: clinical trial rationale for protecting engineered HIV-specific T cells (transgene immunity context)
A_anticar_evidence_solid	Kimble EL et al.	Novel antibodies for identification, selection, and manipulation of T cells expressing Whitlow linker-containing CARs.	J Immunother Cancer	2025	41253492	PMC12636878	10.1136/jitc-2025-013123	https://doi.org/10.1136/jitc-2025-013123	fulltext/kimble_2025_pmid41253492.xml	Antibodies to the Whitlow/218 scFv linker: the linker itself is a dominant anti-CAR epitope, relevant to which CAR domains drive ADA
A_anticar_evidence_solid	Pampusch MS et al.	Assessment of anti-CD20 antibody pre-treatment for augmentation of CAR-T cell therapy in SIV-infected rhesus macaques.	Front Immunol	2023	36825014	PMC9941136	10.3389/fimmu.2023.1101446	https://doi.org/10.3389/fimmu.2023.1101446	fulltext/pampusch_2023_pmid36825014.xml	Anti-CD20 (rituximab) PRE-TREATMENT before CAR-T infusion in SIV+ macaques - the only published in-vivo test of B-cell depletion as anti-CAR-antibody prophylaxis with a CAR product; dosing schedule and outcome are the key primary data for this question
A_anticar_evidence_solid	Davey BC et al.	Development of an anti-CAR antibody response in SIV-infected rhesus macaques treated with CD4-MBL CAR/CXCR5 T cells.	Front Immunol	2022	36582226	PMC9793449	10.3389/fimmu.2022.1032537	https://doi.org/10.3389/fimmu.2022.1032537	fulltext/davey_2022_pmid36582226.xml	Anti-CAR antibody response documented in SIV+ rhesus macaques given CD4-MBL CAR/CXCR5 T cells - the cleanest non-human-primate model of anti-CAR humoral immunity
A_anticar_evidence_solid	Ko AH et al.	Dual Targeting of Mesothelin and CD19 with Chimeric Antigen Receptor-Modified T Cells in Patients with Metastatic Pancreatic Cancer.	Mol Ther	2020	32730744	PMC7647666	10.1016/j.ymthe.2020.07.017	https://doi.org/10.1016/j.ymthe.2020.07.017	not_open_access	Ko 2020: CART-Meso + CART-19 co-infusion in 3 patients with pancreatic cancer - the CD19 CAR depleted B cells (undetectable by 7-10 days, sustained >=28 days) but at the dose tested did NOT improve CART-Meso persistence; the closest in-human test of B-cell depletion alongside a solid-tumour CAR, and it was negative
A_anticar_evidence_solid	Haas AR et al.	Phase I Study of Lentiviral-Transduced Chimeric Antigen Receptor-Modified T Cells Recognizing Mesothelin in Advanced Solid Cancers.	Mol Ther	2019	31420241	PMC6838875	10.1016/j.ymthe.2019.07.015	https://doi.org/10.1016/j.ymthe.2019.07.015	not_open_access	Haas 2019 Mol Ther: lentiviral SS1 (murine scFv) mesothelin CAR-T in mesothelioma/ovarian/pancreatic cancer; human anti-chimeric antibodies (HACA) detected in 8/14 patients; a fully human anti-mesothelin CAR was taken forward
A_anticar_evidence_solid	Hege KM et al.	Safety, tumor trafficking and immunogenicity of chimeric antigen receptor (CAR)-T cells specific for TAG-72 in colorectal cancer.	J Immunother Cancer	2017	28344808	PMC5360066	10.1186/s40425-017-0222-9	https://doi.org/10.1186/s40425-017-0222-9	fulltext/hege_2017_pmid28344808.xml	Hege 2017 JITC: first-generation TAG-72 CAR-T (humanised CC49 binder) in colorectal cancer, IV or hepatic-artery; an interfering antibody to the CC49 binding domain was induced - an anti-CAR immune response detectable as an artefactual fall in serum TAG-72; persistence <=14 weeks, authors recommend fully human constructs
A_anticar_evidence_solid	Lamers CH et al.	Treatment of metastatic renal cell carcinoma (mRCC) with CAIX CAR-engineered T-cells-a completed study overview.	Biochem Soc Trans	2016	27284065		10.1042/BST20160037	https://doi.org/10.1042/BST20160037	not_open_access	Lamers 2016: completed CAIX CAR-T study overview, explicit discussion of host anti-transgene immunity limiting persistence
A_anticar_evidence_solid	Junghans RP et al.	Phase I Trial of Anti-PSMA Designer CAR-T Cells in Prostate Cancer: Possible Role for Interacting Interleukin 2-T Cell Pharmacodynamics as a Determinant of Clinical Response.	Prostate	2016	27324746		10.1002/pros.23214	https://doi.org/10.1002/pros.23214	not_open_access	Junghans 2016 Prostate: anti-PSMA designer CAR-T phase 1
A_anticar_evidence_solid	Beatty GL et al.	Mesothelin-specific chimeric antigen receptor mRNA-engineered T cells induce anti-tumor activity in solid malignancies.	Cancer Immunol Res	2014	24579088	PMC3932715	10.1158/2326-6066.CIR-13-0170	https://doi.org/10.1158/2326-6066.CIR-13-0170	fulltext/beatty_2014_pmid24579088.xml	Beatty 2014: mesothelin mRNA CAR-T design that mandates repeat dosing (the setting in which ADA arose)
A_anticar_evidence_solid	Lamers CH et al.	Treatment of metastatic renal cell carcinoma with CAIX CAR-engineered T cells: clinical evaluation and management of on-target toxicity.	Mol Ther	2013	23423337	PMC5189272	10.1038/mt.2013.17	https://doi.org/10.1038/mt.2013.17	not_open_access	Lamers 2013 Mol Ther: CAIX CAR-T in 12 mRCC patients, up to 10 infusions each; 4 patients pre-treated with CAIX mAb G250 to block on-target liver toxicity, with indications of enhanced peripheral T-cell persistence (antigen blockade, not ADA prophylaxis). Companion immunogenicity data in PMID 20889925
A_anticar_evidence_solid	Maus MV et al.	T cells expressing chimeric antigen receptors can cause anaphylaxis in humans.	Cancer Immunol Res	2013	24777247	PMC3888798	10.1158/2326-6066.CIR-13-0006	https://doi.org/10.1158/2326-6066.CIR-13-0006	fulltext/maus_2013_pmid24777247.xml	Maus 2013: anaphylaxis and cardiac arrest from IgE anti-murine-scFv after repeated mesothelin mRNA CAR-T infusions - the canonical clinical harm caused by anti-CAR antibodies with intermittent redosing
A_anticar_evidence_solid	Lamers CH et al.	Immune responses to transgene and retroviral vector in patients treated with ex vivo-engineered T cells.	Blood	2011	20889925		10.1182/blood-2010-07-294520	https://doi.org/10.1182/blood-2010-07-294520	not_open_access	Lamers 2011 Blood: distinct humoral (anti-idiotypic, CAR-function-neutralising) and/or cellular anti-CAIX-CAR responses in the majority of mRCC patients, plus anti-retroviral-vector immunity in 2; the reference human dataset for anti-CAR humoral immunity in a solid tumour
A_anticar_evidence_solid	Lamers CH et al.	Gene-modified T cells for adoptive immunotherapy of renal cell cancer maintain transgene-specific immune functions in vivo.	Cancer Immunol Immunother	2007	17479266	PMC11030170	10.1007/s00262-007-0330-3	https://doi.org/10.1007/s00262-007-0330-3	fulltext/lamers_2007_pmid17479266.xml	Lamers 2007: transgene-specific immune functions retained in vivo in RCC CAR-T patients
A_anticar_evidence_solid	Lamers CH et al.	Treatment of metastatic renal cell carcinoma with autologous T-lymphocytes genetically retargeted against carbonic anhydrase IX: first clinical experience.	J Clin Oncol	2006	16648493		10.1200/JCO.2006.05.9964	https://doi.org/10.1200/JCO.2006.05.9964	not_open_access	Lamers 2006 JCO: first CAIX CAR-T clinical experience; repeated IV infusions over ~10 days plus IL-2
A_anticar_evidence_solid	Kershaw MH et al.	A phase I study on adoptive immunotherapy using gene-modified T cells for ovarian cancer.	Clin Cancer Res	2006	17062687	PMC2154351	10.1158/1078-0432.CCR-06-1183	https://doi.org/10.1158/1078-0432.CCR-06-1183	not_open_access	Kershaw 2006 CCR: phase I FR-alpha CAR-T in ovarian cancer; an inhibitory serum factor developed in 3 of 6 patients tested that significantly reduced gene-modified T-cell responses to FR+ tumour; no long-term persistence
B_mechanism_assays_regulatory	Hofman K et al.	Immunogenicity of Gene and Cell Therapies.	BioDrugs	2026	41518483	PMC13018034	10.1007/s40259-025-00756-8	https://doi.org/10.1007/s40259-025-00756-8	fulltext/hofman_2026_pmid41518483.xml	2026 BioDrugs: immunogenicity of gene and cell therapies (framework incl. redosing)
B_mechanism_assays_regulatory	Day G et al.	Development of a flow cytometry method to measure antidrug antibodies against CAR T cells.	Immunohorizons	2026	42033387	PMC13109846	10.1093/immhor/vlag011	https://doi.org/10.1093/immhor/vlag011	fulltext/day_2026_pmid42033387.xml	2026 ImmunoHorizons: flow-cytometry method to measure anti-drug antibodies against CAR T cells - a practical assay to monitor anti-CAR titres before redosing
B_mechanism_assays_regulatory	Liu X et al.	Epitope mapping of humoral immunogenicity of orvacabtagene autoleucel shows an IgM response with minimal impact on CAR T cellular kinetics.	Mol Ther Adv	2026	42375474	PMC13312103	10.1016/j.omta.2026.201763	https://doi.org/10.1016/j.omta.2026.201763	fulltext/liu_2026_pmid42375474.xml	2026: epitope mapping of humoral immunogenicity of orvacabtagene autoleucel; IgM-dominant response
B_mechanism_assays_regulatory	Fernández N et al.	A roadmap for systematic humanization of a chimeric antigen receptor: preclinical validation of a humanized CD22 scFv as a model.	Exp Hematol	2026	41881100	PMC13289707	10.1016/j.exphem.2026.105424	https://doi.org/10.1016/j.exphem.2026.105424	fulltext/fernndez_2026_pmid41881100.xml	2026 Exp Hematol: roadmap for systematic humanization of a CAR scFv (de-immunization route)
B_mechanism_assays_regulatory	Alfar HR et al.	Clinical evidence of immunogenicity of CAR-T cell therapies and its implication in the clinical development of CAR-T drug products.	Front Immunol	2025	40061940	PMC11885493	10.3389/fimmu.2025.1512494	https://doi.org/10.3389/fimmu.2025.1512494	fulltext/alfar_2025_pmid40061940.xml	2025 Front Immunol: clinical evidence of CAR-T immunogenicity and implications for drug development
B_mechanism_assays_regulatory	Masilamani M et al.	Cellular Immunogenicity Assessments in CAR-T Cell Therapies: Current Insights and Future Directions.	AAPS J	2025	40908464	8923136	10.1208/s12248-025-01129-3	https://doi.org/10.1208/s12248-025-01129-3	fulltext/masilamani_2025_pmid40908464.xml	2025 AAPS J: cellular immunogenicity assessment in CAR-T
B_mechanism_assays_regulatory	Gokemeijer J et al.	An IQ Consortium Perspective on Best Practices for Bioanalytical and Immunogenicity Assessment Aspects of CAR-T and TCR-T Cellular Therapies Development.	Clin Pharmacol Ther	2024	37983584		10.1002/cpt.3111	https://doi.org/10.1002/cpt.3111	not_open_access	IQ Consortium 2024: best practices for bioanalytical/immunogenicity assessment of CAR-T and TCR-T
B_mechanism_assays_regulatory	Mattei AE et al.	In silico methods for immunogenicity risk assessment and human homology screening for therapeutic antibodies.	MAbs	2024	38536724	PMC10978032	10.1080/19420862.2024.2333729	https://doi.org/10.1080/19420862.2024.2333729	fulltext/mattei_2024_pmid38536724.xml	In-silico immunogenicity risk assessment / human homology screening (de-risking the scFv instead of immunosuppressing)
B_mechanism_assays_regulatory	Sauna ZE et al.	Understanding preclinical and clinical immunogenicity risks in novel biotherapeutics development.	Front Immunol	2023	37251396	PMC10213690	10.3389/fimmu.2023.1151888	https://doi.org/10.3389/fimmu.2023.1151888	fulltext/sauna_2023_pmid37251396.xml	2023: preclinical and clinical immunogenicity risk in novel biotherapeutics
B_mechanism_assays_regulatory	Khan AN et al.	Immunogenicity of CAR-T Cell Therapeutics: Evidence, Mechanism and Mitigation.	Front Immunol	2022	35677038	PMC9169153	10.3389/fimmu.2022.886546	https://doi.org/10.3389/fimmu.2022.886546	fulltext/khan_2022_pmid35677038.xml	Xu 2022 Front Immunol: immunogenicity of CAR-T therapeutics - evidence, mechanism and mitigation
B_mechanism_assays_regulatory	Wagner DL et al.	Immunogenicity of CAR T cells in cancer therapy.	Nat Rev Clin Oncol	2021	33633361	PMC8923136	10.1038/s41571-021-00476-2	https://doi.org/10.1038/s41571-021-00476-2	fulltext/wagner_2021_pmid33633361.xml	Wagner 2021 Nat Rev Clin Oncol: 'Immunogenicity of CAR T cells in cancer therapy' - the definitive review of humoral + cellular anti-CAR immunity and mitigation options incl. B-cell depletion
B_mechanism_assays_regulatory	Zinsli LV et al.	Deimmunization of protein therapeutics - Recent advances in experimental and computational epitope prediction and deletion.	Comput Struct Biotechnol J	2021	33425259	PMC7779837	10.1016/j.csbj.2020.12.024	https://doi.org/10.1016/j.csbj.2020.12.024	fulltext/zinsli_2021_pmid33425259.xml	Deimmunization of protein therapeutics: epitope prediction and deletion
B_mechanism_assays_regulatory	Thudium Mueller K et al.	Tisagenlecleucel immunogenicity in relapsed/refractory acute lymphoblastic leukemia and diffuse large B-cell lymphoma.	Blood Adv	2021	34432863	PMC9153050	10.1182/bloodadvances.2020003844	https://doi.org/10.1182/bloodadvances.2020003844	fulltext/thudium_2021_pmid34432863.xml	Tisagenlecleucel immunogenicity in ALL/DLBCL - MECHANISM ONLY (B-cell malignancy; user asked to exclude lymphoma-driven conclusions)
B_mechanism_assays_regulatory	Gazeau N et al.	Effective anti-BCMA retreatment in multiple myeloma.	Blood Adv	2021	34351389	PMC8361465	10.1182/bloodadvances.2021004176	https://doi.org/10.1182/bloodadvances.2021004176	not_open_access	Effective anti-BCMA retreatment in myeloma - retreatment/ADA logic (non-solid; flagged)
B_mechanism_assays_regulatory	Wang D et al.	A phase 1 study of a novel fully human BCMA-targeting CAR (CT103A) in patients with relapsed/refractory multiple myeloma.	Blood	2021	33512480		10.1182/blood.2020008936	https://doi.org/10.1182/blood.2020008936	not_open_access	CT103A fully human BCMA CAR phase 1 - built specifically because murine-scFv ADA blocked retreatment (design alternative to immunosuppression)
B_mechanism_assays_regulatory	Potthoff B et al.	A cell-based immunogenicity assay to detect antibodies against chimeric antigen receptor expressed by tisagenlecleucel.	J Immunol Methods	2020	31678267		10.1016/j.jim.2019.112692	https://doi.org/10.1016/j.jim.2019.112692	not_open_access	Cell-based immunogenicity assay for anti-CAR antibodies (tisagenlecleucel) - assay template
B_mechanism_assays_regulatory	Awasthi R et al.	Tisagenlecleucel cellular kinetics, dose, and immunogenicity in relation to clinical factors in relapsed/refractory DLBCL.	Blood Adv	2020	32045475	PMC7013261	10.1182/bloodadvances.2019000525	https://doi.org/10.1182/bloodadvances.2019000525	not_open_access	Tisagenlecleucel cellular kinetics/immunogenicity in DLBCL - MECHANISM ONLY (lymphoma)
B_mechanism_assays_regulatory	Gorovits B et al.	Immunogenicity of Chimeric Antigen Receptor T-Cell Therapeutics.	BioDrugs	2019	31069709		10.1007/s40259-019-00354-5	https://doi.org/10.1007/s40259-019-00354-5	not_open_access	Gorovits 2019 BioDrugs: immunogenicity of CAR-T therapeutics; assay strategy and clinical consequences
B_mechanism_assays_regulatory	Davda J et al.	Immunogenicity of immunomodulatory, antibody-based, oncology therapeutics.	J Immunother Cancer	2019	30992085	PMC6466770	10.1186/s40425-019-0586-0	https://doi.org/10.1186/s40425-019-0586-0	fulltext/davda_2019_pmid30992085.xml	2019 JITC: immunogenicity of antibody-based oncology therapeutics
B_mechanism_assays_regulatory	Xu J et al.	Exploratory trial of a biepitopic CAR T-targeting B cell maturation antigen in relapsed/refractory multiple myeloma.	Proc Natl Acad Sci U S A	2019	30988175	PMC6510991	10.1073/pnas.1819745116	https://doi.org/10.1073/pnas.1819745116	not_open_access	Biepitopic BCMA CAR: anti-CAR antibody development reported
B_mechanism_assays_regulatory	Salazar-Fontana LI et al.	Approaches to Mitigate the Unwanted Immunogenicity of Therapeutic Proteins during Drug Development.	AAPS J	2017	28083796		10.1208/s12248-016-0030-z	https://doi.org/10.1208/s12248-016-0030-z	not_open_access	2017 AAPS J: approaches to mitigate unwanted immunogenicity of therapeutic proteins (incl. B-cell-directed prophylaxis)
B_mechanism_assays_regulatory	Turtle CJ et al.	CD19 CAR-T cells of defined CD4+:CD8+ composition in adult B cell ALL patients.	J Clin Invest	2016	27111235	PMC4887159	10.1172/JCI85309	https://doi.org/10.1172/JCI85309	fulltext/turtle_2016_pmid27111235.pdf	Turtle 2016 JCI: transgene-specific immune responses in CD19 CAR-T ALL - MECHANISM ONLY (B-ALL)
B_mechanism_assays_regulatory	Song DG et al.	A fully human chimeric antigen receptor with potent activity against cancer cells but reduced risk for off-tumor toxicity.	Oncotarget	2015	26101914	PMC4673284	10.18632/oncotarget.4071	https://doi.org/10.18632/oncotarget.4071	fulltext/song_2015_pmid26101914.xml	Fully human CAR with reduced immunogenicity risk
B_mechanism_assays_regulatory	Lanitis E et al.	Redirected antitumor activity of primary human lymphocytes transduced with a fully human anti-mesothelin chimeric receptor.	Mol Ther	2012	22127019	PMC3293635	10.1038/mt.2011.256	https://doi.org/10.1038/mt.2011.256	not_open_access	Fully human anti-mesothelin chimeric receptor (avoids murine scFv)
B_mechanism_assays_regulatory	Jensen MC et al.	Antitransgene rejection responses contribute to attenuated persistence of adoptively transferred CD20/CD19-specific chimeric antigen receptor redirected T cells in humans.	Biol Blood Marrow Transplant	2010	20304086	PMC3383803	10.1016/j.bbmt.2010.03.014	https://doi.org/10.1016/j.bbmt.2010.03.014	fulltext/jensen_2010_pmid20304086.xml	Jensen 2010: anti-transgene rejection responses limited persistence of CD20/CD19 CAR-T - MECHANISM ONLY (lymphoma), historically the first demonstration in humans
B_mechanism_assays_regulatory	Piasecki JC et al.	Induction of transgene-specific cytotoxic T lymphocyte responses after transplantation of gene-modified CD34+ cells despite nonablative immunosuppressive conditioning.	Hum Gene Ther	2008	18092920		10.1089/hum.2007.086	https://doi.org/10.1089/hum.2007.086	not_open_access	Transgene-specific CTL after gene-modified CD34+ transplant despite nonablative immunosuppression
B_mechanism_assays_regulatory	Berger C et al.	Analysis of transgene-specific immune responses that limit the in vivo persistence of adoptively transferred HSV-TK-modified donor T cells after allogeneic hematopoietic cell transplantation.	Blood	2006	16282341	PMC1895724	10.1182/blood-2005-08-3503	https://doi.org/10.1182/blood-2005-08-3503	not_open_access	Berger 2006 Blood: transgene(HSV-TK)-specific immune responses eliminated adoptively transferred donor T cells - foundational transgene-rejection biology
B_mechanism_assays_regulatory	Berger C et al.	Nonmyeloablative immunosuppressive regimen prolongs In vivo persistence of gene-modified autologous T cells in a nonhuman primate model.	J Virol	2001	11134293	PMC113976	10.1128/JVI.75.2.799-808.2001	https://doi.org/10.1128/JVI.75.2.799-808.2001	not_open_access	Berger/Riddell 2001 J Virol: nonmyeloablative IMMUNOSUPPRESSIVE regimen (CSA/MMF-type) prolonged in-vivo persistence of gene-modified T cells in macaques - proof of principle that host immunosuppression rescues transgene-directed rejection
C_solid_redosing_trials	Shan Y et al.	T-cell receptor-like chimeric antigen receptor T cells targeting mesothelin: A first-in-human dose-escalation trial for platinum-resistant advanced ovarian cancer.	Cancer	2026	41575866	PMC12829732	10.1002/cncr.70279	https://doi.org/10.1002/cncr.70279	fulltext/shan_2026_pmid41575866.xml	2026 Cancer: TCR-like mesothelin CAR-T first-in-human dose escalation in platinum-resistant ovarian cancer
C_solid_redosing_trials	Ronsley R et al.	Intracerebroventricular B7-H3-targeting CAR T cells for non-pontine DMG and recurrent/refractory pediatric CNS tumors: a phase 1 trial.	Neuro Oncol	2026	42503899		10.1093/neuonc/noag171	https://doi.org/10.1093/neuonc/noag171	not_open_access	2026 Neuro-Oncol: ICV B7-H3 CAR-T for non-pontine DMG and other paediatric CNS tumours, repeated dosing
C_solid_redosing_trials	Gao Y et al.	Hypoxia-responsive CEA-targeted CAR T cells in CEA-positive solid tumors through intraperitoneal or intravenous infusion: a phase 1 trial.	Nat Cancer	2026	41760800	4058440	10.1038/s43018-026-01124-3	https://doi.org/10.1038/s43018-026-01124-3	fulltext/gao_2026_pmid41760800.xml	2026 Nat Cancer: hypoxia-responsive CEA CAR-T given IP or IV, phase 1
C_solid_redosing_trials	Liu C et al.	Allogeneic B7-H3-Targeted CAR Vδ1T-cell Therapy in Advanced Solid Tumors: A Phase I Study.	Clin Cancer Res	2026	41779003		10.1158/1078-0432.CCR-25-4600	https://doi.org/10.1158/1078-0432.CCR-25-4600	not_open_access	2026 CCR: allogeneic B7-H3 CAR Vdelta1 T cells in advanced solid tumours (host rejection risk)
C_solid_redosing_trials	Srour SA et al.	Allogeneic CD70-Targeted Chimeric Antigen Receptor T-Cell Therapy for Advanced Renal Cell Carcinoma: Results From the Phase I TRAVERSE Trial.	J Clin Oncol	2026	42447427		10.1200/JCO-26-00388	https://doi.org/10.1200/JCO-26-00388	not_open_access	TRAVERSE 2026 JCO: allogeneic CD70 CAR-T in advanced RCC
C_solid_redosing_trials	Monje M et al.	Intravenous and intracranial GD2-CAR T cells for H3K27M+ diffuse midline gliomas.	Nature	2025	39537919	PMC11735388	10.1038/s41586-024-08171-9	https://doi.org/10.1038/s41586-024-08171-9	fulltext/monje_2025_pmid39537919.xml	Monje 2025 Nature: IV + repeated intracranial GD2 CAR-T in H3K27M DMG (up to many ICV doses per patient)
C_solid_redosing_trials	Vitanza NA et al.	Intracerebroventricular B7-H3-targeting CAR T cells for diffuse intrinsic pontine glioma: a phase 1 trial.	Nat Med	2025	39775044	PMC11922736	10.1038/s41591-024-03451-3	https://doi.org/10.1038/s41591-024-03451-3	fulltext/vitanza_2025_pmid39775044.xml	Vitanza 2025 Nat Med: BrainChild-03 ICV B7-H3 CAR-T in DIPG, repeated dosing
C_solid_redosing_trials	Barish ME et al.	Chlorotoxin-directed CAR T cell therapy for recurrent glioblastoma: Interim clinical experience demonstrating feasibility and safety.	Cell Rep Med	2025	40818458	PMC12432350	10.1016/j.xcrm.2025.102302	https://doi.org/10.1016/j.xcrm.2025.102302	fulltext/barish_2025_pmid40818458.xml	2025 Cell Rep Med: chlorotoxin-directed CAR-T for recurrent GBM, interim clinical experience
C_solid_redosing_trials	Li B et al.	Intraperitoneal infusion of NKG2D CAR-NK cells induces endogenous CD8+ T cell activation in patients with advanced colorectal cancer.	Mol Ther	2025	40437757	PMC12432867	10.1016/j.ymthe.2025.05.026	https://doi.org/10.1016/j.ymthe.2025.05.026	not_open_access	2025 Mol Ther: intraperitoneal NKG2D CAR-NK repeat dosing in colorectal cancer
C_solid_redosing_trials	Begley SL et al.	CAR T cell therapy for glioblastoma: A review of the first decade of clinical trials.	Mol Ther	2025	40057825	PMC12172181	10.1016/j.ymthe.2025.03.004	https://doi.org/10.1016/j.ymthe.2025.03.004	fulltext/begley_2025_pmid40057825.xml	2025 Mol Ther: CAR-T for glioblastoma, first decade of clinical trials
C_solid_redosing_trials	Silbert S et al.	Have CARs stalled for non-B-cell malignancies? Where are we, and where are we going?	Hematology Am Soc Hematol Educ Program	2025	41347986	PMC12891354	10.1182/hematology.2025000733	https://doi.org/10.1182/hematology.2025000733	not_open_access	2025 ASH Education: 'Have CARs stalled for non-B-cell malignancies?'
C_solid_redosing_trials	Dorff TB et al.	PSCA-CAR T cell therapy in metastatic castration-resistant prostate cancer: a phase 1 trial.	Nat Med	2024	38867077	PMC11186768	10.1038/s41591-024-02979-8	https://doi.org/10.1038/s41591-024-02979-8	fulltext/dorff_2024_pmid38867077.xml	Narayan 2024 Nat Med: PSCA CAR-T mCRPC phase 1, redosing cohort
C_solid_redosing_trials	Stein MN et al.	PSCA-targeted BPX-601 CAR T cells with pharmacological activation by rimiducid in metastatic pancreatic and prostate cancer: a phase 1 dose escalation trial.	Nat Commun	2024	39737899	PMC11685978	10.1038/s41467-024-53220-6	https://doi.org/10.1038/s41467-024-53220-6	fulltext/stein_2024_pmid39737899.xml	BPX-601 PSCA CAR-T + rimiducid phase 1 (repeat rimiducid dosing)
C_solid_redosing_trials	Hegde M et al.	Autologous HER2-specific CAR T cells after lymphodepletion for advanced sarcoma: a phase 1 trial.	Nat Cancer	2024	38658775	PMC11588040	10.1038/s43018-024-00749-6	https://doi.org/10.1038/s43018-024-00749-6	fulltext/hegde_2024_pmid38658775.xml	Hegde 2024 Nat Cancer: HER2 CAR-T after lymphodepletion in advanced sarcoma; repeat infusions
C_solid_redosing_trials	Bagley SJ et al.	Repeated peripheral infusions of anti-EGFRvIII CAR T cells in combination with pembrolizumab show no efficacy in glioblastoma: a phase 1 trial.	Nat Cancer	2024	38216766	7433347	10.1038/s43018-023-00709-6	https://doi.org/10.1038/s43018-023-00709-6	fulltext/bagley_2024_pmid38216766.xml	2024 Nat Cancer: repeated peripheral EGFRvIII CAR-T + pembrolizumab in GBM
C_solid_redosing_trials	Pinto N et al.	STRIvE-02: A First-in-Human Phase I Study of Systemically Administered B7-H3 Chimeric Antigen Receptor T Cells for Patients With Relapsed/Refractory Solid Tumors.	J Clin Oncol	2024	39255444		10.1200/JCO.23.02229	https://doi.org/10.1200/JCO.23.02229	not_open_access	STRIvE-02: systemic B7-H3 CAR-T for relapsed/refractory solid tumours
C_solid_redosing_trials	Mackensen A et al.	CLDN6-specific CAR-T cells plus amplifying RNA vaccine in relapsed or refractory solid tumors: the phase 1 BNT211-01 trial.	Nat Med	2023	37872225	PMC10667102	10.1038/s41591-023-02612-0	https://doi.org/10.1038/s41591-023-02612-0	fulltext/mackensen_2023_pmid37872225.xml	BNT211-01: CLDN6 CAR-T + amplifying RNA vaccine (repeat vaccine dosing; anti-CAR relevance)
C_solid_redosing_trials	Majzner RG et al.	GD2-CAR T cell therapy for H3K27M-mutated diffuse midline gliomas.	Nature	2022	35130560	PMC8967714	10.1038/s41586-022-04489-4	https://doi.org/10.1038/s41586-022-04489-4	fulltext/majzner_2022_pmid35130560.xml	Majzner 2022 Nature: GD2 CAR-T for H3K27M DMG, IV priming then repeated intracerebroventricular doses
C_solid_redosing_trials	Brown CE et al.	Off-the-shelf, steroid-resistant, IL13Rα2-specific CAR T cells for treatment of glioblastoma.	Neuro Oncol	2022	35100373	PMC9340633	10.1093/neuonc/noac024	https://doi.org/10.1093/neuonc/noac024	not_open_access	Off-the-shelf steroid-resistant IL13Ralpha2 CAR-T (allogeneic setting - host humoral/cellular rejection risk)
C_solid_redosing_trials	Ghosn M et al.	Image-guided interventional radiological delivery of chimeric antigen receptor (CAR) T cells for pleural malignancies in a phase I/II clinical trial.	Lung Cancer	2022	35045358	PMC9256852	10.1016/j.lungcan.2022.01.003	https://doi.org/10.1016/j.lungcan.2022.01.003	fulltext/ghosn_2022_pmid35045358.xml	Image-guided interventional delivery of CAR-T for pleural malignancies
C_solid_redosing_trials	Vitanza NA et al.	Locoregional infusion of HER2-specific CAR T cells in children and young adults with recurrent or refractory CNS tumors: an interim analysis.	Nat Med	2021	34253928	5482103	10.1038/s41591-021-01404-8	https://doi.org/10.1038/s41591-021-01404-8	not_open_access	Vitanza 2021 Nat Med: locoregional/ICV HER2 CAR-T, weekly repeat dosing in paediatric CNS tumours
C_solid_redosing_trials	Adusumilli PS et al.	A Phase I Trial of Regional Mesothelin-Targeted CAR T-cell Therapy in Patients with Malignant Pleural Disease, in Combination with the Anti-PD-1 Agent Pembrolizumab.	Cancer Discov	2021	34266984	PMC8563385	10.1158/2159-8290.CD-21-0407	https://doi.org/10.1158/2159-8290.CD-21-0407	fulltext/adusumilli_2021_pmid34266984.xml	Adusumilli 2021 Cancer Discov: regional mesothelin CAR-T + pembrolizumab in malignant pleural disease
C_solid_redosing_trials	Katz SC et al.	HITM-SURE: Hepatic immunotherapy for metastases phase Ib anti-CEA CAR-T study utilizing pressure enabled drug delivery.	J Immunother Cancer	2020	32843493	PMC7449487	10.1136/jitc-2020-001097	https://doi.org/10.1136/jitc-2020-001097	fulltext/katz_2020_pmid32843493.xml	HITM-SURE: repeated hepatic-artery anti-CEA CAR-T infusions
C_solid_redosing_trials	Katz SC et al.	HITM-SIR: phase Ib trial of intraarterial chimeric antigen receptor T-cell therapy and selective internal radiation therapy for CEA+ liver metastases.	Cancer Gene Ther	2020	31155611	4048875	10.1038/s41417-019-0104-z	https://doi.org/10.1038/s41417-019-0104-z	fulltext/katz_2020_pmid31155611.xml	HITM-SIR: intraarterial CEA CAR-T + SIRT, repeat dosing
C_solid_redosing_trials	Beatty GL et al.	Activity of Mesothelin-Specific Chimeric Antigen Receptor T Cells Against Pancreatic Carcinoma Metastases in a Phase 1 Trial.	Gastroenterology	2018	29567081	PMC6035088	10.1053/j.gastro.2018.03.029	https://doi.org/10.1053/j.gastro.2018.03.029	fulltext/beatty_2018_pmid29567081.xml	Beatty 2018 Gastroenterology: mesothelin mRNA CAR-T pancreatic cancer phase 1 - repeat infusions of a murine-scFv CAR, the ADA-risk setting
C_solid_redosing_trials	Wang Y et al.	CD133-directed CAR T cells for advanced metastasis malignancies: A phase I trial.	Oncoimmunology	2018	29900044	PMC5993480	10.1080/2162402X.2018.1440169	https://doi.org/10.1080/2162402X.2018.1440169	fulltext/wang_2018_pmid29900044.xml	CD133 CAR-T phase 1 in advanced metastatic malignancies
C_solid_redosing_trials	Thistlethwaite FC et al.	The clinical efficacy of first-generation carcinoembryonic antigen (CEACAM5)-specific CAR T cells is limited by poor persistence and transient pre-conditioning-dependent respiratory toxicity.	Cancer Immunol Immunother	2017	28660319	PMC5645435	10.1007/s00262-017-2034-7	https://doi.org/10.1007/s00262-017-2034-7	fulltext/thistlethwaite_2017_pmid28660319.xml	Thistlethwaite 2017: first-generation CEACAM5 CAR-T, poor persistence with preconditioning-related respiratory toxicity
C_solid_redosing_trials	Zhang C et al.	Phase I Escalating-Dose Trial of CAR-T Therapy Targeting CEA+ Metastatic Colorectal Cancers.	Mol Ther	2017	28366766	PMC5417843	10.1016/j.ymthe.2017.03.010	https://doi.org/10.1016/j.ymthe.2017.03.010	not_open_access	Zhang 2017: CEA CAR-T dose escalation in metastatic colorectal cancer with repeat infusions
C_solid_redosing_trials	Ahmed N et al.	HER2-Specific Chimeric Antigen Receptor-Modified Virus-Specific T Cells for Progressive Glioblastoma: A Phase 1 Dose-Escalation Trial.	JAMA Oncol	2017	28426845	PMC5747970	10.1001/jamaoncol.2017.0184	https://doi.org/10.1001/jamaoncol.2017.0184	fulltext/ahmed_2017_pmid28426845.xml	Ahmed 2017 JAMA Oncol: HER2 CAR VST for progressive glioblastoma, up to 6 infusions
C_solid_redosing_trials	Brown CE et al.	Regression of Glioblastoma after Chimeric Antigen Receptor T-Cell Therapy.	N Engl J Med	2016	28029927	PMC5390684	10.1056/NEJMoa1610497	https://doi.org/10.1056/NEJMoa1610497	fulltext/brown_2016_pmid28029927.xml	Brown 2016 NEJM: intracavitary + ICV IL13Ralpha2 CAR-T, 16 infusions
C_solid_redosing_trials	Katz SC et al.	Regional CAR-T cell infusions for peritoneal carcinomatosis are superior to systemic delivery.	Cancer Gene Ther	2016	27080226	PMC5153580	10.1038/cgt.2016.14	https://doi.org/10.1038/cgt.2016.14	fulltext/katz_2016_pmid27080226.xml	Regional CAR-T infusions for peritoneal carcinomatosis superior to systemic
C_solid_redosing_trials	Ahmed N et al.	Human Epidermal Growth Factor Receptor 2 (HER2) -Specific Chimeric Antigen Receptor-Modified T Cells for the Immunotherapy of HER2-Positive Sarcoma.	J Clin Oncol	2015	25800760	PMC4429176	10.1200/JCO.2014.58.0225	https://doi.org/10.1200/JCO.2014.58.0225	not_open_access	Ahmed 2015 JCO: HER2 CAR-T in HER2+ sarcoma - up to 12 infusions without lymphodepletion, the classic repeat-dosing solid tumour trial
C_solid_redosing_trials	Brown CE et al.	Bioactivity and Safety of IL13Rα2-Redirected Chimeric Antigen Receptor CD8+ T Cells in Patients with Recurrent Glioblastoma.	Clin Cancer Res	2015	26059190	PMC4632968	10.1158/1078-0432.CCR-15-0428	https://doi.org/10.1158/1078-0432.CCR-15-0428	fulltext/brown_2015_pmid26059190.xml	Brown 2015 CCR: IL13Ralpha2 CAR CD8 T cells, repeated intracavitary dosing in recurrent GBM
C_solid_redosing_trials	Adusumilli PS et al.	Regional delivery of mesothelin-targeted CAR T cell therapy generates potent and long-lasting CD4-dependent tumor immunity.	Sci Transl Med	2014	25378643	PMC4373413	10.1126/scitranslmed.3010162	https://doi.org/10.1126/scitranslmed.3010162	fulltext/adusumilli_2014_pmid25378643.xml	Adusumilli 2014 STM: regional mesothelin CAR-T delivery rationale
C_solid_redosing_trials	Saied A et al.	Neutrophil:lymphocyte ratios and serum cytokine changes after hepatic artery chimeric antigen receptor-modified T-cell infusions for liver metastases.	Cancer Gene Ther	2014	25277132	PMC4245365	10.1038/cgt.2014.50	https://doi.org/10.1038/cgt.2014.50	fulltext/saied_2014_pmid25277132.xml	Katz: hepatic artery CAR-T infusions, serial cytokine/immune monitoring
D_ritux_pharmacology_schedule	Chen C et al.	The rituximab paradox in rheumatoid arthritis: Re-evaluating B-cell depletion depth and the synovial microenvironment.	Autoimmun Rev	2026	42162633		10.1016/j.autrev.2026.104089	https://doi.org/10.1016/j.autrev.2026.104089	not_open_access	2026 Autoimmun Rev: the rituximab paradox - depth of B-cell depletion vs tissue microenvironment
D_ritux_pharmacology_schedule	Yuan M et al.	Translating B-Cell and Plasma-Cell Targeting from Oncology to Autoimmunity: Modalities, Quantitative Bridging, and a Development Roadmap.	Clin Pharmacol Ther	2026	42244451	PMC13338978	10.1002/cpt.70352	https://doi.org/10.1002/cpt.70352	not_open_access	2026 Clin Pharmacol Ther: quantitative bridging of B-cell and plasma-cell targeting modalities - dose selection framework
D_ritux_pharmacology_schedule	Cao S et al.	Efficacy, safety, and B-cell depletion capacity of 3 rituximab dosing regimens in the treatment of moderate-to-severe pemphigus vulgaris and pemphigus foliaceus: A 52-week clinical trial.	J Am Acad Dermatol	2025	40374120		10.1016/j.jaad.2025.05.1374	https://doi.org/10.1016/j.jaad.2025.05.1374	not_open_access	2025 JAAD: head-to-head comparison of 3 rituximab dosing regimens and B-cell depletion capacity in pemphigus
D_ritux_pharmacology_schedule	Liang H et al.	Dosing optimization of rituximab for primary membranous nephropathy by population pharmacokinetic and pharmacodynamic study.	Front Pharmacol	2024	38595918	PMC11002205	10.3389/fphar.2024.1197651	https://doi.org/10.3389/fphar.2024.1197651	fulltext/liang_2024_pmid38595918.xml	2024 Front Pharmacol: population PK/PD-guided rituximab dose optimisation
D_ritux_pharmacology_schedule	Ciolfi C et al.	Is It Time to Reconsider Rituximab Dosing Regimens for Pemphigus Vulgaris?	Antibodies (Basel)	2024	38247568	PMC10801591	10.3390/antib13010004	https://doi.org/10.3390/antib13010004	fulltext/ciolfi_2024_pmid38247568.xml	2024: should rituximab dosing regimens be reconsidered? (dose/schedule equivalence)
D_ritux_pharmacology_schedule	Hamaya T et al.	Humoral response to SARS-CoV-2 mRNA vaccine on in ABO blood type incompatible kidney transplant recipients treated with low-dose rituximab.	Sci Rep	2023	37699969	PMC10497504	10.1038/s41598-023-42406-5	https://doi.org/10.1038/s41598-023-42406-5	fulltext/hamaya_2023_pmid37699969.xml	Humoral (vaccine) response in rituximab-treated ABO-incompatible kidney transplant recipients - how long the de novo antibody defect lasts after low-dose rituximab
D_ritux_pharmacology_schedule	Shree T et al.	CD20-Targeted Therapy Ablates De Novo Antibody Response to Vaccination but Spares Preestablished Immunity.	Blood Cancer Discov	2022	35015688	PMC9610898	10.1158/2643-3230.BCD-21-0222	https://doi.org/10.1158/2643-3230.BCD-21-0222	not_open_access	2022 Blood Cancer Discov: CD20-targeted therapy ABLATES DE NOVO antibody responses but SPARES pre-established immunity - the single most important timing principle (dose before first CAR exposure, not after ADA appears)
D_ritux_pharmacology_schedule	Blincoe A et al.	Acquired B-cell deficiency secondary to B-cell-depleting therapies.	J Immunol Methods	2022	36372267		10.1016/j.jim.2022.113385	https://doi.org/10.1016/j.jim.2022.113385	not_open_access	2022: acquired B-cell deficiency secondary to B-cell-depleting therapies - duration of hypogammaglobulinaemia/IgG monitoring, the main safety cost
D_ritux_pharmacology_schedule	van Dam LS et al.	Highly Sensitive Flow Cytometric Detection of Residual B-Cells After Rituximab in Anti-Neutrophil Cytoplasmic Antibodies-Associated Vasculitis Patients.	Front Immunol	2020	33384685	PMC7770159	10.3389/fimmu.2020.566732	https://doi.org/10.3389/fimmu.2020.566732	fulltext/van_2020_pmid33384685.xml	2020 Front Immunol: highly sensitive flow cytometry detects residual B cells after rituximab - how to verify depletion before CAR-T
D_ritux_pharmacology_schedule	Ramwadhdoebe TH et al.	Effect of rituximab treatment on T and B cell subsets in lymph node biopsies of patients with rheumatoid arthritis.	Rheumatology (Oxford)	2019	30649469	PMC6532448	10.1093/rheumatology/key428	https://doi.org/10.1093/rheumatology/key428	fulltext/ramwadhdoebe_2019_pmid30649469.xml	2019 Rheumatology: lymph-node biopsies show incomplete nodal B-cell depletion after standard rituximab - argues for deeper/repeated dosing or type-2 anti-CD20
D_ritux_pharmacology_schedule	Hogan J et al.	Effect of different rituximab regimens on B cell depletion and time to relapse in children with steroid-dependent nephrotic syndrome.	Pediatr Nephrol	2019	30109447		10.1007/s00467-018-4052-x	https://doi.org/10.1007/s00467-018-4052-x	not_open_access	2019 Pediatr Nephrol: different rituximab regimens -> different B-cell depletion duration and time to relapse (1 vs 2 vs 4 doses)
D_ritux_pharmacology_schedule	Redfield RR et al.	Safety, pharmacokinetics, and pharmacodynamic activity of obinutuzumab, a type 2 anti-CD20 monoclonal antibody for the desensitization of candidates for renal transplant.	Am J Transplant	2019	31257724	PMC6899639	10.1111/ajt.15514	https://doi.org/10.1111/ajt.15514	fulltext/redfield_2019_pmid31257724.xml	Obinutuzumab (type 2 anti-CD20) PK/PD for desensitisation: deeper tissue depletion than rituximab
D_ritux_pharmacology_schedule	Cornec D et al.	Pharmacokinetics of rituximab and clinical outcomes in patients with anti-neutrophil cytoplasmic antibody associated vasculitis.	Rheumatology (Oxford)	2018	29340623	PMC5888934	10.1093/rheumatology/kex484	https://doi.org/10.1093/rheumatology/kex484	not_open_access	2019 Rheumatology: rituximab PK and clinical outcome in ANCA vasculitis (exposure-response for depletion duration)
D_ritux_pharmacology_schedule	Bhoj VG et al.	Persistence of long-lived plasma cells and humoral immunity in individuals responding to CD19-directed CAR T-cell therapy.	Blood	2016	27166358	PMC4957161	10.1182/blood-2016-01-694356	https://doi.org/10.1182/blood-2016-01-694356	not_open_access	Bhoj 2016 Blood: long-lived plasma cells and humoral immunity PERSIST despite deep CD19-directed B-cell depletion - why anti-CD20 cannot reverse an established anti-CAR titre
D_ritux_pharmacology_schedule	Laws LH et al.	Inflammation Causes Resistance to Anti-CD20-Mediated B Cell Depletion.	Am J Transplant	2016	27265023	PMC5334788	10.1111/ajt.13902	https://doi.org/10.1111/ajt.13902	fulltext/laws_2016_pmid27265023.xml	2016 Am J Transplant: INFLAMMATION causes resistance to anti-CD20-mediated B-cell depletion - directly relevant to CRS/tumour-inflamed CAR-T patients
D_ritux_pharmacology_schedule	Rosenberg AS et al.	A role for plasma cell targeting agents in immune tolerance induction in autoimmune disease and antibody responses to therapeutic proteins.	Clin Immunol	2016	26928739		10.1016/j.clim.2016.02.009	https://doi.org/10.1016/j.clim.2016.02.009	not_open_access	2016 Clin Immunol: role of plasma-cell-targeting agents in immune tolerance induction and ADA to therapeutic proteins
D_ritux_pharmacology_schedule	Turner-Stokes T et al.	Induction treatment of ANCA-associated vasculitis with a single dose of rituximab.	Rheumatology (Oxford)	2014	24609057		10.1093/rheumatology/ket489	https://doi.org/10.1093/rheumatology/ket489	not_open_access	2014 Rheumatology: single-dose rituximab induction - minimum effective schedule data
D_ritux_pharmacology_schedule	Vaidyanathan A et al.	Developmental immunotoxicology assessment of rituximab in cynomolgus monkeys.	Toxicol Sci	2011	20937725		10.1093/toxsci/kfq316	https://doi.org/10.1093/toxsci/kfq316	not_open_access	Rituximab developmental immunotoxicology in cynomolgus monkeys (paediatric-relevant safety)
D_ritux_pharmacology_schedule	Bingham CO et al.	Immunization responses in rheumatoid arthritis patients treated with rituximab: results from a controlled clinical trial.	Arthritis Rheum	2010	20039397		10.1002/art.25034	https://doi.org/10.1002/art.25034	not_open_access	Bingham 2010 Arthritis Rheum: controlled trial of immunization responses in rituximab-treated RA (neoantigen KLH + vaccines) - quantifies the depth/duration of the de novo antibody defect
D_ritux_pharmacology_schedule	St Clair EW	Good and bad memories following rituximab therapy.	Arthritis Rheum	2010	20039422	PMC2806494	10.1002/art.25039	https://doi.org/10.1002/art.25039	fulltext/st_2010_pmid20039422.xml	'Good and bad memories following rituximab therapy' - memory B-cell reconstitution and its timing
D_ritux_pharmacology_schedule	Bearden CM et al.	Rituximab inhibits the in vivo primary and secondary antibody response to a neoantigen, bacteriophage phiX174.	Am J Transplant	2005	15636611		10.1111/j.1600-6143.2003.00646.x	https://doi.org/10.1111/j.1600-6143.2003.00646.x	not_open_access	2005 Am J Transplant: rituximab inhibits primary AND secondary antibody response to the neoantigen bacteriophage phiX174 in humans - best human evidence that anti-CD20 blunts a de novo antibody response to a novel protein
D_ritux_pharmacology_schedule	Vugmeyster Y et al.	Depletion of B cells by a humanized anti-CD20 antibody PRO70769 in Macaca fascicularis.	J Immunother	2005	15838377		10.1097/01.cji.0000155050.03916.04	https://doi.org/10.1097/01.cji.0000155050.03916.04	not_open_access	Humanized anti-CD20 B-cell depletion in Macaca fascicularis: dose-dependence in blood vs lymphoid tissue
D_ritux_pharmacology_schedule	Schröder C et al.	Anti-CD20 treatment depletes B-cells in blood and lymphatic tissue of cynomolgus monkeys.	Transpl Immunol	2003	14551029		10.1016/S0966-3274(03)00059-5	https://doi.org/10.1016/S0966-3274(03)00059-5	not_open_access	Anti-CD20 depletes B cells in blood and lymphatic tissue of cynomolgus monkeys (tissue-compartment depletion kinetics)
D_ritux_pharmacology_schedule	van der Kolk LE et al.	Rituximab treatment results in impaired secondary humoral immune responsiveness.	Blood	2002	12200395			https://pubmed.ncbi.nlm.nih.gov/12200395/	not_open_access	2002 Blood: rituximab impairs secondary humoral responsiveness
D_ritux_pharmacology_schedule	Gonzalez-Stawinski GV et al.	Hapten-induced primary and memory humoral responses are inhibited by the infusion of anti-CD20 monoclonal antibody (IDEC-C2B8, Rituximab).	Clin Immunol	2001	11161973		10.1006/clim.2000.4980	https://doi.org/10.1006/clim.2000.4980	not_open_access	Gonzalez-Stawinski 2001 Clin Immunol: rituximab infusion inhibits HAPTEN-induced PRIMARY and memory humoral responses in primates - direct mechanistic support for pre-emptive dosing
D_ritux_pharmacology_schedule	Maloney DG et al.	IDEC-C2B8 (Rituximab) anti-CD20 monoclonal antibody therapy in patients with relapsed low-grade non-Hodgkin's lymphoma.	Blood	1997	9310469			https://pubmed.ncbi.nlm.nih.gov/9310469/	not_open_access	Maloney 1997 Blood: original IDEC-C2B8 375 mg/m2 weekly x 4 schedule and depletion kinetics - the origin of the standard schedule
E_prophylaxis_gene_therapy	Vicidomini A et al.	Rapamycin nanoparticles mitigate anti-AAV antibody formation in a mouse model of ornithine transcarbamylase deficiency.	Mol Ther Adv	2026	42436852	PMC13355710	10.1016/j.omta.2026.201793	https://doi.org/10.1016/j.omta.2026.201793	fulltext/vicidomini_2026_pmid42436852.xml	2026: rapamycin nanoparticles mitigate anti-AAV antibody formation (OTC deficiency model)
E_prophylaxis_gene_therapy	Li L et al.	Cholesterolated Rapamycin Prodrug Liposomes Induce Antigen-Specific Tolerance and Enable AAV Redosing.	Mol Pharm	2026	41674289		10.1021/acs.molpharmaceut.5c01748	https://doi.org/10.1021/acs.molpharmaceut.5c01748	not_open_access	2026: cholesterolated rapamycin prodrug liposomes induce antigen-specific tolerance, enable AAV redosing
E_prophylaxis_gene_therapy	Doshi BS et al.	Use of CD19-targeted immune modulation to eradicate AAV-neutralizing antibodies.	Mol Ther	2025	40057826	PMC12265964	10.1016/j.ymthe.2025.03.003	https://doi.org/10.1016/j.ymthe.2025.03.003	fulltext/doshi_2025_pmid40057826.xml	2025 Mol Ther: CD19-targeted immune modulation to eradicate AAV-neutralising antibodies
E_prophylaxis_gene_therapy	Nelson RW et al.	Reduction of Preexisting AAV9 Antibody Titers Before Onasemnogene Abeparvovec Administration in Twins With Spinal Muscular Atrophy.	Neurology	2025	40705999		10.1212/WNL.0000000000213899	https://doi.org/10.1212/WNL.0000000000213899	not_open_access	2025 Neurology: reduction of pre-existing AAV9 antibody titres BEFORE onasemnogene abeparvovec in twins - a real clinical de-titring protocol (rituximab-containing)
E_prophylaxis_gene_therapy	Li X et al.	Lipid-Rapamycin Nanovaccines Overcome the Antidrug Antibody Barrier in Biologic Therapies.	ACS Nano	2025	39847793		10.1021/acsnano.4c11928	https://doi.org/10.1021/acsnano.4c11928	not_open_access	2025 ACS Nano: lipid-rapamycin nanovaccines overcome the anti-drug antibody barrier
E_prophylaxis_gene_therapy	Rana J et al.	B cell focused transient immune suppression protocol for efficient AAV readministration to the liver.	Mol Ther Methods Clin Dev	2024	38440160	PMC10911854	10.1016/j.omtm.2024.101216	https://doi.org/10.1016/j.omtm.2024.101216	fulltext/rana_2024_pmid38440160.xml	2024 MTM-CD: B-cell-focused transient immune suppression protocol enabling AAV readministration - explicit multi-agent schedule
E_prophylaxis_gene_therapy	Potter RA et al.	Use of plasmapheresis to lower anti-AAV antibodies in nonhuman primates with pre-existing immunity to AAVrh74.	Mol Ther Methods Clin Dev	2024	38327805	PMC10847772	10.1016/j.omtm.2024.101195	https://doi.org/10.1016/j.omtm.2024.101195	fulltext/potter_2024_pmid38327805.xml	2024: plasmapheresis to lower anti-AAV antibodies in NHP
E_prophylaxis_gene_therapy	Salabarria SM et al.	Thrombotic microangiopathy following systemic AAV administration is dependent on anti-capsid antibodies.	J Clin Invest	2024	37988172	PMC10760971	10.1172/JCI173510	https://doi.org/10.1172/JCI173510	fulltext/salabarria_2024_pmid37988172.xml	2024 JCI: thrombotic microangiopathy after AAV depends on anti-capsid antibodies (safety argument for controlling ADA)
E_prophylaxis_gene_therapy	Choi SJ et al.	Successful AAV8 readministration: Suppression of capsid-specific neutralizing antibodies by a combination treatment of bortezomib and CD20 mAb in a mouse model of Pompe disease.	J Gene Med	2023	36994804		10.1002/jgm.3509	https://doi.org/10.1002/jgm.3509	not_open_access	2023 J Gene Med: bortezomib + CD20 mAb suppresses capsid-specific nAb and enables AAV8 readministration (adds plasma-cell arm)
E_prophylaxis_gene_therapy	Ilyinskii PO et al.	Readministration of high-dose adeno-associated virus gene therapy vectors enabled by ImmTOR nanoparticles combined with B cell-targeted agents.	PNAS Nexus	2023	38024395	PMC10673641	10.1093/pnasnexus/pgad394	https://doi.org/10.1093/pnasnexus/pgad394	fulltext/ilyinskii_2023_pmid38024395.xml	2023 PNAS Nexus: ImmTOR nanoparticles + B-cell-targeted agents for high-dose AAV readministration
E_prophylaxis_gene_therapy	Li N et al.	The Effect of Immunomodulatory Treatments on Anti-Dystrophin Immune Response After AAV Gene Therapy in Dystrophin Deficient mdx Mice.	J Neuromuscul Dis	2021	34569971		10.3233/JND-210706	https://doi.org/10.3233/JND-210706	not_open_access	2021: immunomodulation and the anti-dystrophin response after AAV gene therapy in mdx mice (anti-transgene-product immunity, the analogue of anti-CAR)
E_prophylaxis_gene_therapy	Leborgne C et al.	IgG-cleaving endopeptidase enables in vivo gene therapy in the presence of anti-AAV neutralizing antibodies.	Nat Med	2020	32483358		10.1038/s41591-020-0911-7	https://doi.org/10.1038/s41591-020-0911-7	not_open_access	Leborgne 2020 Nat Med: IgG-cleaving endopeptidase (IdeS/imlifidase) enables gene therapy despite pre-existing nAb - rescue when antibodies already exist
E_prophylaxis_gene_therapy	Meliani A et al.	Antigen-selective modulation of AAV immunogenicity with tolerogenic rapamycin nanoparticles enables successful vector re-administration.	Nat Commun	2018	30291246	PMC6173722	10.1038/s41467-018-06621-3	https://doi.org/10.1038/s41467-018-06621-3	fulltext/meliani_2018_pmid30291246.xml	2018 Nat Commun: tolerogenic rapamycin nanoparticles enable AAV re-administration
E_prophylaxis_gene_therapy	Corti M et al.	Evaluation of Readministration of a Recombinant Adeno-Associated Virus Vector Expressing Acid Alpha-Glucosidase in Pompe Disease: Preclinical to Clinical Planning.	Hum Gene Ther Clin Dev	2015	26390092	PMC4606909	10.1089/humc.2015.068	https://doi.org/10.1089/humc.2015.068	not_open_access	2015: planning AAV-GAA readministration in Pompe disease - preclinical to clinical immunomodulation design
E_prophylaxis_gene_therapy	Unzu C et al.	Helper-dependent adenovirus achieve more efficient and persistent liver transgene expression in non-human primates under immunosuppression.	Gene Ther	2015	26125605		10.1038/gt.2015.64	https://doi.org/10.1038/gt.2015.64	not_open_access	2015 Gene Ther: helper-dependent adenovirus persistence in NHP under immunosuppression
E_prophylaxis_gene_therapy	Corti M et al.	B-Cell Depletion is Protective Against Anti-AAV Capsid Immune Response: A Human Subject Case Study.	Mol Ther Methods Clin Dev	2014	25541616	PMC4275004	10.1038/mtm.2014.33	https://doi.org/10.1038/mtm.2014.33	fulltext/corti_2014_pmid25541616.xml	Corti 2014 MTM-CD: rituximab + sirolimus B-cell depletion PROTECTED against anti-AAV capsid antibody in a human subject - explicit dosing schedule; the closest human template for pre-CAR prophylaxis
E_prophylaxis_gene_therapy	Mingozzi F et al.	Prevalence and pharmacological modulation of humoral immunity to AAV vectors in gene transfer to synovial tissue.	Gene Ther	2013	22786533	PMC3473155	10.1038/gt.2012.55	https://doi.org/10.1038/gt.2012.55	fulltext/mingozzi_2013_pmid22786533.xml	2013 Gene Ther: prevalence and pharmacological modulation of humoral immunity to AAV in synovial gene transfer
E_prophylaxis_gene_therapy	Mingozzi F et al.	Pharmacological modulation of humoral immunity in a nonhuman primate model of AAV gene transfer for hemophilia B.	Mol Ther	2012	22565846	PMC3392987	10.1038/mt.2012.84	https://doi.org/10.1038/mt.2012.84	fulltext/mingozzi_2012_pmid22565846.xml	Mingozzi 2012 Mol Ther: pharmacological modulation of humoral immunity in NHP AAV gene transfer (rituximab +/- sirolimus dose/timing)
E_prophylaxis_gene_therapy	Unzu C et al.	Transient and intensive pharmacological immunosuppression fails to improve AAV-based liver gene transfer in non-human primates.	J Transl Med	2012	22704060	PMC3412719	10.1186/1479-5876-10-122	https://doi.org/10.1186/1479-5876-10-122	fulltext/unzu_2012_pmid22704060.xml	2012 J Transl Med: transient intensive immunosuppression FAILS to improve AAV liver gene transfer in NHP - a negative control for prophylaxis enthusiasm
E_prophylaxis_gene_therapy	Fontanellas A et al.	Intensive pharmacological immunosuppression allows for repetitive liver gene transfer with recombinant adenovirus in nonhuman primates.	Mol Ther	2010	20087317	PMC2862529	10.1038/mt.2009.312	https://doi.org/10.1038/mt.2009.312	not_open_access	2010 Mol Ther: intensive pharmacological immunosuppression allows REPETITIVE liver gene transfer in NHP - schedule detail for repeat dosing
F_prophylaxis_ITI_regimens	Kishnani PS et al.	Insights into immunogenicity and therapeutic strategies to mitigate the immune response in infantile-onset Pompe disease: a comprehensive systematic literature review.	Front Immunol	2025	41583481	PMC12823532	10.3389/fimmu.2025.1690312	https://doi.org/10.3389/fimmu.2025.1690312	fulltext/kishnani_2025_pmid41583481.xml	2025 Front Immunol: systematic review of immunogenicity and mitigation strategies in infantile-onset Pompe disease
F_prophylaxis_ITI_regimens	Chen HA et al.	Optimizing treatment outcomes: immune tolerance induction in Pompe disease patients undergoing enzyme replacement therapy.	Front Immunol	2024	38715621	PMC11074348	10.3389/fimmu.2024.1336599	https://doi.org/10.3389/fimmu.2024.1336599	fulltext/chen_2024_pmid38715621.xml	2024 Front Immunol: optimising ITI in Pompe disease undergoing ERT
F_prophylaxis_ITI_regimens	Desai AK et al.	An updated management approach of Pompe disease patients with high-sustained anti-rhGAA IgG antibody titers: experience with bortezomib-based immunomodulation.	Front Immunol	2024	38524130	PMC10959098	10.3389/fimmu.2024.1360369	https://doi.org/10.3389/fimmu.2024.1360369	fulltext/desai_2024_pmid38524130.xml	2024: updated management approach for Pompe patients with high sustained ADA titres
F_prophylaxis_ITI_regimens	Li Z et al.	Eradication of FIX inhibitor in haemophilia B children using low-dose immune tolerance induction with rituximab-based immunosuppressive agent(s) in China.	Haemophilia	2022	35503087		10.1111/hae.14577	https://doi.org/10.1111/hae.14577	not_open_access	2022 Haemophilia: low-dose ITI with rituximab-based immunosuppression in children with FIX inhibitors
F_prophylaxis_ITI_regimens	Tran JQ et al.	Expansion of immature, nucleated red blood cells by transient low-dose methotrexate immune tolerance induction in mice.	Clin Exp Immunol	2021	33205401	PMC7874831	10.1111/cei.13552	https://doi.org/10.1111/cei.13552	not_open_access	2021: transient low-dose METHOTREXATE ITI (3-cycle schedule) - mechanism and haematologic side effect of the MTX component of the ITI regimen
F_prophylaxis_ITI_regimens	Desai AK et al.	Benefits of Prophylactic Short-Course Immune Tolerance Induction in Patients With Infantile Pompe Disease: Demonstration of Long-Term Safety and Efficacy in an Expanded Cohort.	Front Immunol	2020	32849613	PMC7424004	10.3389/fimmu.2020.01727	https://doi.org/10.3389/fimmu.2020.01727	fulltext/desai_2020_pmid32849613.xml	Kazi 2020 Front Immunol: benefits of PROPHYLACTIC SHORT-COURSE ITI in infantile Pompe - expanded cohort, long-term safety/efficacy; short-course schedule is the most transferable template to CAR-T
F_prophylaxis_ITI_regimens	Desai AK et al.	The potential impact of timing of IVIG administration on the efficacy of rituximab for immune tolerance induction for patients with Pompe disease.	Clin Immunol	2020	32681978		10.1016/j.clim.2020.108541	https://doi.org/10.1016/j.clim.2020.108541	not_open_access	2020 Clin Immunol: TIMING of IVIG relative to rituximab determines ITI efficacy (IVIG can block rituximab-mediated depletion) - critical scheduling caveat
F_prophylaxis_ITI_regimens	Gupta P et al.	A Race Against Time-Changing the Natural History of CRIM Negative Infantile Pompe Disease.	Front Immunol	2020	33013846	PMC7498628	10.3389/fimmu.2020.01929	https://doi.org/10.3389/fimmu.2020.01929	fulltext/gupta_2020_pmid33013846.xml	2020 Front Immunol: 'A race against time' - changing the natural history of CRIM-negative infantile Pompe with early ITI
F_prophylaxis_ITI_regimens	Julien DC et al.	Immune Modulation for Enzyme Replacement Therapy in A Female Patient With Hunter Syndrome.	Front Immunol	2020	32508845	PMC7253587	10.3389/fimmu.2020.01000	https://doi.org/10.3389/fimmu.2020.01000	fulltext/julien_2020_pmid32508845.xml	2020: immune modulation for ERT in Hunter syndrome (rituximab-containing, non-Pompe)
F_prophylaxis_ITI_regimens	Poelman E et al.	Effects of higher and more frequent dosing of alglucosidase alfa and immunomodulation on long-term clinical outcome of classic infantile Pompe patients.	J Inherit Metab Dis	2020	32506446	PMC7689828	10.1002/jimd.12268	https://doi.org/10.1002/jimd.12268	fulltext/poelman_2020_pmid32506446.xml	2020 JIMD: higher/more frequent ERT dosing plus immunomodulation - dose-density interaction with ADA
F_prophylaxis_ITI_regimens	Doshi BS et al.	Combined anti-CD20 and mTOR inhibition with factor VIII for immune tolerance induction in hemophilia A patients with refractory inhibitors.	J Thromb Haemost	2020	31985872	PMC7888210	10.1111/jth.14740	https://doi.org/10.1111/jth.14740	fulltext/doshi_2020_pmid31985872.xml	2020 JTH: COMBINED anti-CD20 + mTOR inhibition with antigen for ITI in haemophilia A with refractory inhibitors - the rituximab+sirolimus+antigen paradigm
F_prophylaxis_ITI_regimens	Biswas M et al.	B Cell Depletion Eliminates FVIII Memory B Cells and Enhances AAV8-coF8 Immune Tolerance Induction When Combined With Rapamycin.	Front Immunol	2020	32670285	PMC7327091	10.3389/fimmu.2020.01293	https://doi.org/10.3389/fimmu.2020.01293	fulltext/biswas_2020_pmid32670285.xml	2020 Front Immunol: B-cell depletion ELIMINATES memory B cells and enhances tolerance induction when COMBINED WITH RAPAMYCIN (AAV8-coF8) - mechanistic basis for pairing anti-CD20 with an mTOR inhibitor
F_prophylaxis_ITI_regimens	De Groot AS et al.	HLA- and genotype-based risk assessment model to identify infantile onset pompe disease patients at high-risk of developing significant anti-drug antibodies (ADA).	Clin Immunol	2019	30711607	PMC6554735	10.1016/j.clim.2019.01.009	https://doi.org/10.1016/j.clim.2019.01.009	fulltext/de_2019_pmid30711607.xml	2019 Clin Immunol: HLA/genotype-based risk model to identify patients at high risk of significant ADA - risk-stratified prophylaxis, transferable idea for CAR-T
F_prophylaxis_ITI_regimens	Poelman E et al.	High Sustained Antibody Titers in Patients with Classic Infantile Pompe Disease Following Immunomodulation at Start of Enzyme Replacement Therapy.	J Pediatr	2018	29428273		10.1016/j.jpeds.2017.11.046	https://doi.org/10.1016/j.jpeds.2017.11.046	not_open_access	2018 J Pediatr: high sustained titres DESPITE immunomodulation at ERT start - failure modes of prophylaxis
F_prophylaxis_ITI_regimens	Hassan S et al.	Preventing or Eradicating Factor VIII Antibody Formation in Patients with Hemophilia A: What Can We Learn from Other Disorders?	Semin Thromb Hemost	2018	30045390		10.1055/s-0038-1666823	https://doi.org/10.1055/s-0038-1666823	fulltext/hassan_2018_pmid30045390.pdf	2018 Semin Thromb Hemost: preventing or eradicating FVIII antibody formation - what can we learn from other disorders (explicit cross-disease transfer of ITI logic)
F_prophylaxis_ITI_regimens	Kazi ZB et al.	Sustained immune tolerance induction in enzyme replacement therapy-treated CRIM-negative patients with infantile Pompe disease.	JCI Insight	2017	28814660	PMC5621909	10.1172/jci.insight.94328	https://doi.org/10.1172/jci.insight.94328	fulltext/kazi_2017_pmid28814660.pdf	Kazi 2017 JCI Insight: sustained immune tolerance in ERT-treated CRIM-negative Pompe patients with prophylactic rituximab/MTX/IVIG
F_prophylaxis_ITI_regimens	Rairikar M et al.	High dose IVIG successfully reduces high rhGAA IgG antibody titers in a CRIM-negative infantile Pompe disease patient.	Mol Genet Metab	2017	28648664	PMC5612830	10.1016/j.ymgme.2017.05.006	https://doi.org/10.1016/j.ymgme.2017.05.006	fulltext/rairikar_2017_pmid28648664.xml	2017: high-dose IVIG reduces high anti-rhGAA IgG titres
F_prophylaxis_ITI_regimens	Biswas M et al.	Combination therapy for inhibitor reversal in haemophilia A using monoclonal anti-CD20 and rapamycin.	Thromb Haemost	2017	27683758	PMC5222884	10.1160/TH16-05-0404	https://doi.org/10.1160/TH16-05-0404	fulltext/biswas_2017_pmid27683758.xml	2017 Thromb Haemost: monoclonal anti-CD20 + rapamycin for inhibitor reversal in haemophilia A (preclinical dosing)
F_prophylaxis_ITI_regimens	Schultz HS et al.	Quantitative analysis of the CD4+ T cell response to therapeutic antibodies in healthy donors using a novel T cell:PBMC assay.	PLoS One	2017	28562666	PMC5451071	10.1371/journal.pone.0178544	https://doi.org/10.1371/journal.pone.0178544	fulltext/schultz_2017_pmid28562666.xml	Quantitative CD4+ T-cell response to therapeutic antibodies (why T-help control, e.g. MTX/sirolimus, is needed alongside B-cell depletion)
F_prophylaxis_ITI_regimens	Kazi ZB et al.	Durable and sustained immune tolerance to ERT in Pompe disease with entrenched immune responses.	JCI Insight	2016	27493997	PMC4970756	10.1172/jci.insight.86821	https://doi.org/10.1172/jci.insight.86821	fulltext/kazi_2016_pmid27493997.pdf	2016 JCI Insight: durable tolerance in patients with entrenched immune responses (rescue regimens incl. bortezomib)
F_prophylaxis_ITI_regimens	Stenger EO et al.	Immune Tolerance Strategies in Siblings with Infantile Pompe Disease-Advantages for a Preemptive Approach to High-Sustained Antibody Titers.	Mol Genet Metab Rep	2015	26167453	PMC4497810	10.1016/j.ymgmr.2015.05.004	https://doi.org/10.1016/j.ymgmr.2015.05.004	fulltext/stenger_2015_pmid26167453.xml	2015: pre-emptive vs reactive ITI in siblings with infantile Pompe - timing matters
F_prophylaxis_ITI_regimens	Debiec H et al.	Allo-immune membranous nephropathy and recombinant aryl sulfatase replacement therapy: a need for tolerance induction therapy.	J Am Soc Nephrol	2014	24262793	PMC3968491	10.1681/ASN.2013030290	https://doi.org/10.1681/ASN.2013030290	not_open_access	2014 JASN: allo-immune membranous nephropathy from ERT - the harm caused by ADA and the tolerance-induction response
F_prophylaxis_ITI_regimens	Leissinger C et al.	Rituximab for treatment of inhibitors in haemophilia A. A Phase II study.	Thromb Haemost	2014	24919980	PMC5726888	10.1160/TH14-01-0078	https://doi.org/10.1160/TH14-01-0078	fulltext/leissinger_2014_pmid24919980.xml	2014 Thromb Haemost: rituximab phase II study for haemophilia A inhibitors - clinical dosing and response rate
F_prophylaxis_ITI_regimens	Banugaria SG et al.	Algorithm for the early diagnosis and treatment of patients with cross reactive immunologic material-negative classic infantile pompe disease: a step towards improving the efficacy of ERT.	PLoS One	2013	23825616	PMC3692419	10.1371/journal.pone.0067052	https://doi.org/10.1371/journal.pone.0067052	fulltext/banugaria_2013_pmid23825616.xml	2013 PLoS One: algorithm for early diagnosis and PROPHYLACTIC immune tolerance induction in CRIM-negative Pompe
F_prophylaxis_ITI_regimens	Banugaria SG et al.	Bortezomib in the rapid reduction of high sustained antibody titers in disorders treated with therapeutic protein: lessons learned from Pompe disease.	Genet Med	2013	23060045	PMC3744338	10.1038/gim.2012.110	https://doi.org/10.1038/gim.2012.110	fulltext/banugaria_2013_pmid23060045.xml	2013 Genet Med: bortezomib rapidly reduces high sustained antibody titres - plasma-cell arm for established ADA
F_prophylaxis_ITI_regimens	Messinger YH et al.	Successful immune tolerance induction to enzyme replacement therapy in CRIM-negative infantile Pompe disease.	Genet Med	2012	22237443	PMC3711224	10.1038/gim.2011.4	https://doi.org/10.1038/gim.2011.4	fulltext/messinger_2012_pmid22237443.xml	Messinger 2012 Genet Med: successful ITI to ERT in CRIM-negative infantile Pompe using rituximab + methotrexate + IVIG - the canonical prophylactic regimen with explicit doses/timing
F_prophylaxis_ITI_regimens	Meslier Y et al.	Bortezomib delays the onset of factor VIII inhibitors in experimental hemophilia A, but fails to eliminate established anti-factor VIII IgG-producing cells.	J Thromb Haemost	2011	21251202		10.1111/j.1538-7836.2011.04200.x	https://doi.org/10.1111/j.1538-7836.2011.04200.x	not_open_access	2011 JTH: bortezomib DELAYS onset of FVIII inhibitors but fails to eliminate established antibody-producing cells - prophylaxis-vs-rescue asymmetry
F_prophylaxis_ITI_regimens	Barnes C et al.	Induction of immune tolerance using rituximab in a child with severe haemophilia B with inhibitors and anaphylaxis to factor IX.	Haemophilia	2010	20546030		10.1111/j.1365-2516.2007.01446.x	https://doi.org/10.1111/j.1365-2516.2007.01446.x	not_open_access	2010 Haemophilia: rituximab-based tolerance induction in a child with FIX inhibitors and anaphylaxis - the IgE/anaphylaxis parallel to Maus 2013
F_prophylaxis_ITI_regimens	Kessel C et al.	Humoral immune responsiveness to a defined epitope on factor VIII before and after B cell ablation with rituximab.	Mol Immunol	2008	18715645		10.1016/j.molimm.2008.06.015	https://doi.org/10.1016/j.molimm.2008.06.015	not_open_access	2008 Mol Immunol: epitope-level humoral responsiveness before and after B-cell ablation with rituximab
F_prophylaxis_ITI_regimens	Hay C et al.	Current and future approaches to inhibitor management and aversion.	Semin Thromb Hemost	2006	16804831		10.1055/s-2006-946910	https://doi.org/10.1055/s-2006-946910	not_open_access	2006: inhibitor management and 'aversion' (prevention) - historical framing
G_solid_tumour_HAMA_precedent	Eger C et al.	Generation and Characterization of a Human/Mouse Chimeric GD2-Mimicking Anti-Idiotype Antibody Ganglidiximab for Active Immunotherapy against Neuroblastoma.	PLoS One	2016	26967324	PMC4788445	10.1371/journal.pone.0150479	https://doi.org/10.1371/journal.pone.0150479	fulltext/eger_2016_pmid26967324.xml	Ganglidiximab: GD2-mimicking anti-idiotype antibody - what anti-idiotype antibodies do biologically
G_solid_tumour_HAMA_precedent	Kushner BH et al.	Prolonged progression-free survival after consolidating second or later remissions of neuroblastoma with Anti-GD2 immunotherapy and isotretinoin: a prospective Phase II study.	Oncoimmunology	2015	26140243	PMC4485744	10.1080/2162402X.2015.1016704	https://doi.org/10.1080/2162402X.2015.1016704	not_open_access	2015 Oncoimmunology: anti-GD2 (3F8) + isotretinoin consolidation in neuroblastoma - HAMA incidence and management in a repeat-dosing solid-tumour programme
G_solid_tumour_HAMA_precedent	Kushner BH et al.	High-dose cyclophosphamide inhibition of humoral immune response to murine monoclonal antibody 3F8 in neuroblastoma patients: broad implications for immunotherapy.	Pediatr Blood Cancer	2007	16421906		10.1002/pbc.20765	https://doi.org/10.1002/pbc.20765	not_open_access	Kushner 2007 Pediatr Blood Cancer: HIGH-DOSE CYCLOPHOSPHAMIDE inhibits the humoral (HAMA) response to murine 3F8 in neuroblastoma patients - explicitly framed as broadly applicable to immunotherapy; the best solid-tumour precedent for pharmacologic ADA prophylaxis
G_solid_tumour_HAMA_precedent	Gonzales NR et al.	Minimizing immunogenicity of the SDR-grafted humanized antibody CC49 by genetic manipulation of the framework residues.	Mol Immunol	2003	14522015		10.1016/s0161-5890(03)00166-4	https://doi.org/10.1016/s0161-5890(03)00166-4	not_open_access	Minimising immunogenicity of humanised CC49 by framework engineering (de-immunisation alternative)
G_solid_tumour_HAMA_precedent	Richman CM et al.	Dosimetry-based therapy in metastatic breast cancer patients using 90Y monoclonal antibody 170H.82 with autologous stem cell support and cyclosporin A.	Clin Cancer Res	1999	10541370			https://pubmed.ncbi.nlm.nih.gov/10541370/	not_open_access	1999: 90Y-170H.82 dosimetry-based therapy with cyclosporin A and stem cell support
G_solid_tumour_HAMA_precedent	Albertini MR et al.	Systemic interleukin-2 modulates the anti-idiotypic response to chimeric anti-GD2 antibody in patients with melanoma.	J Immunother Emphasis Tumor Immunol	1996	8877722		10.1097/00002371-199607000-00004	https://doi.org/10.1097/00002371-199607000-00004	not_open_access	1996: systemic IL-2 modulates the anti-idiotypic response to chimeric anti-GD2 (ch14.18) - cytokines can worsen ADA
G_solid_tumour_HAMA_precedent	Dhingra K et al.	Phase I clinical and pharmacological study of suppression of human antimouse antibody response to monoclonal antibody L6 by deoxyspergualin.	Cancer Res	1995	7606728			https://pubmed.ncbi.nlm.nih.gov/7606728/	not_open_access	1995 Cancer Res: phase I suppression of HAMA to mAb L6 by deoxyspergualin
G_solid_tumour_HAMA_precedent	Divgi CR et al.	Pilot radioimmunotherapy trial with 131I-labeled murine monoclonal antibody CC49 and deoxyspergualin in metastatic colon carcinoma.	Clin Cancer Res	1995	9815950			https://pubmed.ncbi.nlm.nih.gov/9815950/	not_open_access	1995: 131I-CC49 radioimmunotherapy + deoxyspergualin in colon carcinoma
G_solid_tumour_HAMA_precedent	Kimball JA et al.	The OKT3 Antibody Response Study: a multicentre study of human anti-mouse antibody (HAMA) production following OKT3 use in solid organ transplantation.	Transpl Immunol	1995	8581409		10.1016/0966-3274(95)80027-1	https://doi.org/10.1016/0966-3274(95)80027-1	not_open_access	OKT3 Antibody Response Study: HAMA production after murine mAb in transplantation - incidence baseline
G_solid_tumour_HAMA_precedent	Weiden PL et al.	Human anti-mouse antibody suppression with cyclosporin A.	Cancer	1994	8306252		10.1002/1097-0142(19940201)73:3+<1093::aid-cncr2820731349>3.0.co;2-#	https://doi.org/10.1002/1097-0142(19940201)73:3+<1093::aid-cncr2820731349>3.0.co;2-#	not_open_access	1994 Cancer: human anti-mouse antibody suppression with cyclosporin A
G_solid_tumour_HAMA_precedent	Rettenbacher L et al.	[Anaphylactic shock after repeated injection of 99mTc-labeled CEA antibody].	Nuklearmedizin	1994	8090628			https://pubmed.ncbi.nlm.nih.gov/8090628/	not_open_access	Anaphylactic shock after repeated injection of a 99mTc-CEA antibody - the anaphylaxis risk of redosing a sensitised patient
G_solid_tumour_HAMA_precedent	Hammond EA et al.	Prevention of adverse clinical outcome by monitoring of cardiac transplant patients for murine monoclonal CD3 antibody (OKT3) sensitization.	Transplantation	1993	8497882		10.1097/00007890-199305000-00022	https://doi.org/10.1097/00007890-199305000-00022	not_open_access	Monitoring OKT3 sensitisation to prevent adverse outcome - monitoring-before-redose paradigm
G_solid_tumour_HAMA_precedent	Tjandra JJ et al.	Development of human anti-murine antibody (HAMA) response in patients.	Immunol Cell Biol	1990	1711007		10.1038/icb.1990.50	https://doi.org/10.1038/icb.1990.50	not_open_access	1990: development of HAMA responses in patients - kinetics of primary anti-murine responses (onset ~2 weeks, the window prophylaxis must precede)
G_solid_tumour_HAMA_precedent	Ledermann JA et al.	Repeated antitumour antibody therapy in man with suppression of the host response by cyclosporin A.	Br J Cancer	1988	3265333	PMC2246821	10.1038/bjc.1988.279	https://doi.org/10.1038/bjc.1988.279	fulltext/ledermann_1988_pmid3265333.xml	Ledermann 1988 Br J Cancer: repeated antitumour antibody therapy in man with host response suppressed by cyclosporin A
H_lymphodepletion_context	Christodoulou I et al.	Comparative Analysis of Lymphodepletion Regimens in CART-19 Treatment for Relapsed/Refractory Diffuse Large B Cell Lymphoma.	Transplant Cell Ther	2026	41183747		10.1016/j.jtct.2025.10.032	https://doi.org/10.1016/j.jtct.2025.10.032	not_open_access	2026 TCT: comparative analysis of lymphodepletion regimens (Cy/Flu intensity) - what baseline B-cell depletion the standard regimen already provides
H_lymphodepletion_context	Synnott D et al.	Systematic Review of Immunosuppression After Chimeric Antigen Receptor T-Cell Therapy for Posttransplant Lymphoproliferative Disorder.	Kidney Int Rep	2026	41907816	PMC13019938	10.1016/j.ekir.2026.106367	https://doi.org/10.1016/j.ekir.2026.106367	fulltext/synnott_2026_pmid41907816.xml	2026 Kidney Int Rep: systematic review of immunosuppression AFTER CAR-T (PTLD setting) - safety of concomitant immunosuppression with CAR-T
H_lymphodepletion_context	Ozog S et al.	Influence of B cell-lineage targeted CAR-T cell therapy on humoral immunity and vaccine-induced antibody response.	Nat Commun	2026	41942445	PMC13234265	10.1038/s41467-026-71473-1	https://doi.org/10.1038/s41467-026-71473-1	fulltext/ozog_2026_pmid41942445.xml	2026 Nat Commun: influence of B-cell-lineage-targeted CAR-T on humoral immunity and vaccine responses - what long-term B-cell ablation costs
H_lymphodepletion_context	Roddie C et al.	Matched donor allogeneic CAR-T for adult B-ALL: toxicity, efficacy, repeat dosing, and the importance of lymphodepletion.	Blood	2025	40643148		10.1182/blood.2025028790	https://doi.org/10.1182/blood.2025028790	not_open_access	2025 Blood: matched-donor allogeneic CAR-T for B-ALL - toxicity, efficacy, REPEAT DOSING and the importance of lymphodepletion (repeat-dose immunology; haematologic setting flagged)
H_lymphodepletion_context	Aleissa MM et al.	Severe Acute Respiratory Syndrome Coronavirus 2 Vaccine Immunogenicity among Chimeric Antigen Receptor T Cell Therapy Recipients.	Transplant Cell Ther	2023	36906276	PMC9995387	10.1016/j.jtct.2023.03.005	https://doi.org/10.1016/j.jtct.2023.03.005	fulltext/aleissa_2023_pmid36906276.xml	SARS-CoV-2 vaccine immunogenicity in CAR-T recipients - infection/vaccine consequences of B-cell depletion
H_lymphodepletion_context	Iqbal M et al.	Impact of Rituximab and Corticosteroids on Late Cytopenias Post-Chimeric Antigen Receptor T Cell Therapy.	Transplant Cell Ther	2022	35842124		10.1016/j.jtct.2022.07.009	https://doi.org/10.1016/j.jtct.2022.07.009	not_open_access	2022 TCT: impact of rituximab and corticosteroids on late cytopenias post-CAR-T - toxicity data for giving rituximab around CAR-T
H_lymphodepletion_context	Walti CS et al.	Humoral immunogenicity of the seasonal influenza vaccine before and after CAR-T-cell therapy: a prospective observational study.	J Immunother Cancer	2021	34702753	PMC8549667	10.1136/jitc-2021-003428	https://doi.org/10.1136/jitc-2021-003428	fulltext/walti_2021_pmid34702753.xml	Influenza vaccine humoral immunogenicity before/after CAR-T
H_lymphodepletion_context	Graalmann T et al.	B cell depletion impairs vaccination-induced CD8+ T cell responses in a type I interferon-dependent manner.	Ann Rheum Dis	2021	34226189	PMC8600602	10.1136/annrheumdis-2021-220435	https://doi.org/10.1136/annrheumdis-2021-220435	fulltext/graalmann_2021_pmid34226189.xml	B-cell depletion impairs vaccination-induced CD8 T-cell responses (type-I-IFN dependent) - potential downside: could B-cell depletion blunt the CAR-T response itself?
I_confusables_do_not_confuse	Li Y et al.	Rituximab potentially improves clinical outcomes of CAR-T therapy for r/r B-ALL via sensitizing leukemia cells to CAR-T-mediated cytotoxicity and reducing CAR-T exhaustion.	Cell Oncol (Dordr)	2024	38662336	PMC11467070	10.1007/s13402-024-00945-7	https://doi.org/10.1007/s13402-024-00945-7	fulltext/li_2024_pmid38662336.xml	Rituximab 'improves' CAR-T outcomes in r/r B-ALL by sensitising leukaemia cells - a B-cell-malignancy-specific mechanism, NOT ADA prophylaxis
I_confusables_do_not_confuse	Xiong X et al.	Functional Validation of the RQR8 Suicide /Marker Gene in CD19 CAR-T Cells and CLL1CAR-T Cells.	Ann Hematol	2023	37086278	7433347	10.1007/s00277-023-05227-0	https://doi.org/10.1007/s00277-023-05227-0	fulltext/xiong_2023_pmid37086278.xml	Functional validation of RQR8 suicide/marker gene in CAR-T
I_confusables_do_not_confuse	Mosti L et al.	Targeted multi-epitope switching enables straightforward positive/negative selection of CAR T cells.	Gene Ther	2021	33526841	PMC8455323	10.1038/s41434-021-00220-6	https://doi.org/10.1038/s41434-021-00220-6	fulltext/mosti_2021_pmid33526841.xml	Targeted multi-epitope switching for positive/negative selection of CAR-T (CD20 epitope)
I_confusables_do_not_confuse	Sang W et al.	Phase II trial of co-administration of CD19- and CD20-targeted chimeric antigen receptor T cells for relapsed and refractory diffuse large B cell lymphoma.	Cancer Med	2020	32608579	PMC7433814	10.1002/cam4.3259	https://doi.org/10.1002/cam4.3259	fulltext/sang_2020_pmid32608579.xml	CD19+CD20 dual-targeted CAR-T for DLBCL - lymphoma target biology, not immunogenicity
I_confusables_do_not_confuse	Viaud S et al.	Switchable control over in vivo CAR T expansion, B cell depletion, and induction of memory.	Proc Natl Acad Sci U S A	2018	30373813	PMC6243241	10.1073/pnas.1810060115	https://doi.org/10.1073/pnas.1810060115	fulltext/viaud_2018_pmid30373813.xml	Switchable control over in vivo CAR-T expansion and B-cell depletion - antibody-switch pharmacology, not ADA prophylaxis
I_confusables_do_not_confuse	Philip B et al.	A highly compact epitope-based marker/suicide gene for easier and safer T-cell therapy.	Blood	2014	24970931		10.1182/blood-2014-01-545020	https://doi.org/10.1182/blood-2014-01-545020	not_open_access	Philip 2014 Blood: RQR8 compact marker/suicide gene - here rituximab is used to DELETE CAR-T cells (opposite intent)
I_confusables_do_not_confuse	van Loenen MM et al.	Multi-cistronic vector encoding optimized safety switch for adoptive therapy with T-cell receptor-modified T cells.	Gene Ther	2013	23364317		10.1038/gt.2013.4	https://doi.org/10.1038/gt.2013.4	not_open_access	Multi-cistronic vector with optimised safety switch for TCR-modified T cells
I_confusables_do_not_confuse	Griffioen M et al.	Retroviral transfer of human CD20 as a suicide gene for adoptive T-cell therapy.	Haematologica	2009	19734426	PMC2738728	10.3324/haematol.2008.001677	https://doi.org/10.3324/haematol.2008.001677	fulltext/griffioen_2009_pmid19734426.pdf	CD20 as a suicide gene for adoptive T-cell therapy - rituximab as kill switch
