category	authors	title	venue	year	pmid	doi	pmcid	url	local_pdf	supp_pdf	topics	status
clinical_trial	Monje M, Mahdi J, Majzner R et al.	Intravenous and intracranial GD2-CAR T cells for H3K27M(+) diffuse midline gliomas.	Nature	2025	39537919	10.1038/s41586-024-08171-9	PMC11735388	https://pmc.ncbi.nlm.nih.gov/articles/PMC11735388/	pdfs/monje_2025_pmid39537919.pdf		DMG_DIPG_H3K27M;glioma_GBM	downloaded_europepmc
clinical_trial	Li CH, Sharma S, Heczey AA et al.	Long-term outcomes of GD2-directed CAR-T cell therapy in patients with neuroblastoma.	Nature medicine	2025	39962287	10.1038/s41591-025-03513-0		https://doi.org/10.1038/s41591-025-03513-0			neuroblastoma;clinical_correlates	not_available_oa
clinical_trial	Locatelli F, Pagliara D, De Ioris MA et al.	GD2-targeting CAR T cells in high-risk neuroblastoma: a phase 1/2 trial.	Nature medicine	2025	40841488	10.1038/s41591-025-03874-6		https://doi.org/10.1038/s41591-025-03874-6			neuroblastoma	not_available_oa
clinical_trial	Gargett T, Truong NTH, Gardam B et al.	Safety and biological outcomes following a phase 1 trial of GD2-specific CAR-T cells in patients with GD2-positive metastatic melanoma and other solid cancers.	Journal for immunotherapy of cancer	2024	38754916	10.1136/jitc-2023-008659	PMC11097842	https://pmc.ncbi.nlm.nih.gov/articles/PMC11097842/	pdfs/gargett_2024_pmid38754916.pdf		melanoma;clinical_correlates	downloaded_europepmc
clinical_trial	Liu Z, Zhou J, Yang X et al.	Safety and antitumor activity of GD2-Specific 4SCAR-T cells in patients with glioblastoma.	Molecular cancer	2023	36617554	10.1186/s12943-022-01711-9	PMC9827625	https://pmc.ncbi.nlm.nih.gov/articles/PMC9827625/	pdfs/liu_2023_pmid36617554.pdf		glioma_GBM	downloaded_europepmc
clinical_trial	Heczey A, Xu X, Courtney AN et al.	Anti-GD2 CAR-NKT cells in relapsed or refractory neuroblastoma: updated phase 1 trial interim results.	Nature medicine	2023	37188782	10.1038/s41591-023-02363-y		https://doi.org/10.1038/s41591-023-02363-y		supplements/heczey_2023_pmid37188782_supp.pdf	neuroblastoma;CAR-NKT;CAR-NK	supplement_only
clinical_trial	Yu L, Huang L, Lin D et al.	GD2-specific chimeric antigen receptor-modified T cells for the treatment of refractory and/or recurrent neuroblastoma in pediatric patients.	Journal of cancer research and clinical oncology	2022	34724115	10.1007/s00432-021-03839-5	PMC9470713	https://pmc.ncbi.nlm.nih.gov/articles/PMC9470713/	pdfs/yu_2022_pmid34724115.pdf		neuroblastoma	downloaded_europepmc
clinical_trial	Majzner RG, Ramakrishna S, Yeom KW et al.	GD2-CAR T cell therapy for H3K27M-mutated diffuse midline gliomas.	Nature	2022	35130560	10.1038/s41586-022-04489-4	PMC8967714	https://pmc.ncbi.nlm.nih.gov/articles/PMC8967714/	pdfs/majzner_2022_pmid35130560.pdf		DMG_DIPG_H3K27M;glioma_GBM	downloaded_europepmc
clinical_trial	Heczey A, Courtney AN, Montalbano A et al.	Anti-GD2 CAR-NKT cells in patients with relapsed or refractory neuroblastoma: an interim analysis.	Nature medicine	2020	33046868	10.1038/s41591-020-1074-2		https://doi.org/10.1038/s41591-020-1074-2		supplements/heczey_2020_pmid33046868_supp.pdf	neuroblastoma;CAR-NKT;CAR-NK	supplement_only
clinical_trial	Tanaka M, Tashiro H, Omer B et al.	Vaccination Targeting Native Receptors to Enhance the Function and Proliferation of Chimeric Antigen Receptor (CAR)-Modified T Cells.	Clinical cancer research : an official journal of the American Association for Cancer Research	2017	28183713	10.1158/1078-0432.CCR-16-2138	PMC5511585	https://pmc.ncbi.nlm.nih.gov/articles/PMC5511585/	pdfs/tanaka_2017_pmid28183713.pdf		other	downloaded_browser
clinical_trial	Stroncek DF, Lee DW, Ren J et al.	Elutriated lymphocytes for manufacturing chimeric antigen receptor T cells.	Journal of translational medicine	2017	28298232	10.1186/s12967-017-1160-5	PMC5353875	https://pmc.ncbi.nlm.nih.gov/articles/PMC5353875/	pdfs/stroncek_2017_pmid28298232.pdf		manufacturing	downloaded_unpaywall
clinical_trial	Gargett T, Yu W, Dotti G et al.	GD2-specific CAR T Cells Undergo Potent Activation and Deletion Following Antigen Encounter but can be Protected From Activation-induced Cell Death by PD-1 Blockade.	Molecular therapy : the journal of the American Society of Gene Therapy	2016	27019998	10.1038/mt.2016.63	PMC4923328	https://pmc.ncbi.nlm.nih.gov/articles/PMC4923328/	pdfs/gargett_2016_pmid27019998.pdf		other	downloaded_browser
clinical_trial	Stroncek DF, Ren J, Lee DW et al.	Myeloid cells in peripheral blood mononuclear cell concentrates inhibit the expansion of chimeric antigen receptor T cells.	Cytotherapy	2016	27210719	10.1016/j.jcyt.2016.04.003	PMC4898642	https://pmc.ncbi.nlm.nih.gov/articles/PMC4898642/	pdfs/stroncek_2016_pmid27210719.pdf		clinical_correlates	downloaded_browser
clinical_trial	Louis CU, Savoldo B, Dotti G et al.	Antitumor activity and long-term fate of chimeric antigen receptor-positive T cells in patients with neuroblastoma.	Blood	2011	21984804	10.1182/blood-2011-05-354449	PMC3234664	https://pmc.ncbi.nlm.nih.gov/articles/PMC3234664/	pdfs/louis_2011_pmid21984804.pdf		neuroblastoma	downloaded_europepmc
primary_research	Jiang C, Xu H, Shentu J et al.	GD2-CAR T Cell Therapy for H3K27M (+) Diffuse Intrinsic Pontine Glioma: A Phase I Clinical Trial and Mechanistic Insights.	Immunology	2026	40682569	10.1111/imm.70019		https://doi.org/10.1111/imm.70019			DMG_DIPG_H3K27M;glioma_GBM	not_available_oa
primary_research	Pham DL, Cappabianca D, Forsberg MH et al.	Label-free metabolic imaging monitors the fitness of chimeric antigen receptor T cells.	Nature biomedical engineering	2026	40958004	10.1038/s41551-025-01504-7	PMC12445593	https://pmc.ncbi.nlm.nih.gov/articles/PMC12445593/	pdfs/pham_2026_pmid40958004.pdf		other	downloaded_europepmc
primary_research	Tallon-Cobos AC, Vazaios K, Waranecki P et al.	CAR T cells targeting the glycoprotein GD2 show potent antitumor efficacy in high-risk ependymoma models.	The Journal of clinical investigation	2026	41289021	10.1172/JCI193332	PMC12807483	https://pmc.ncbi.nlm.nih.gov/articles/PMC12807483/	pdfs/tallon_cobos_2026_pmid41289021.pdf		ependymoma	downloaded_europepmc
primary_research	Bessler N, Wezenaar AKL, Ariese HCR et al.	De novo H3.3K27M-altered diffuse midline glioma in human brainstem organoids to dissect GD2 CAR T cell function.	Nature cancer	2026	41492091	10.1038/s43018-025-01084-0	PMC12948678	https://pmc.ncbi.nlm.nih.gov/articles/PMC12948678/	pdfs/bessler_2026_pmid41492091.pdf		DMG_DIPG_H3K27M;glioma_GBM;exhaustion_memory	downloaded_europepmc
primary_research	Barragán Bravo GA, de la Cerda DA, Landoni E et al.	IL-18 metabolically reprograms CAR-expressing natural killer T cells and enhances their antitumor activity.	Molecular therapy : the journal of the American Society of Gene Therapy	2026	41520178	10.1016/j.ymthe.2026.01.001	PMC12882818	https://pmc.ncbi.nlm.nih.gov/articles/PMC12882818/	pdfs/barrag_n_2026_pmid41520178.pdf		CAR-NKT;CAR-NK;cytokine_armoring	downloaded_europepmc
primary_research	Sugitatsu Y, Tomida A, Suematsu M et al.	Alectinib boosts anti-tumor efficacy of disialoganglioside 2 chimeric antigen receptor T cells in ALK-mutated neuroblastoma by suppressing programmed death-ligand 1.	British journal of cancer	2026	41866626	10.1038/s41416-026-03363-8	PMC13133162	https://pmc.ncbi.nlm.nih.gov/articles/PMC13133162/			neuroblastoma	not_available_oa
primary_research	Subhadhirasakul S, Sujjitjoon J, Yenchitsomanus PT et al.	Intravitreal GD2-Specific Chimeric Antigen Receptor T-Cell Therapy for Refractory Retinoblastoma.	Pediatric blood & cancer	2026	41964519	10.1002/1545-5017.70334		https://doi.org/10.1002/1545-5017.70334			retinoblastoma	not_available_oa
primary_research	Cappabianca D, Toulany M, Zima S et al.	Class I HDAC inhibition enhances the stem-like memory properties of CRISPR-engineered CAR T cells in neuroblastoma.	Molecular therapy. Oncology	2026	42058597	10.1016/j.omton.2026.201200	PMC13123348	https://pmc.ncbi.nlm.nih.gov/articles/PMC13123348/	pdfs/cappabianca_2026_pmid42058597.pdf		neuroblastoma;design_engineering;exhaustion_memory;non_viral_geneediting	downloaded_europepmc
primary_research	Vazaios K, Tallon-Cobos AC, van Oosterhout LPJ et al.	Boosting CAR T cell functionality with oncolytic viruses for the treatment of pediatric diffuse midline gliomas.	Molecular therapy. Oncology	2026	42100144	10.1016/j.omton.2026.201191	PMC13145386	https://pmc.ncbi.nlm.nih.gov/articles/PMC13145386/	pdfs/vazaios_2026_pmid42100144.pdf		DMG_DIPG_H3K27M;glioma_GBM	downloaded_europepmc
primary_research	Lizana-Vasquez GD, Ramasubramanian S, Davarzani A et al.	In Vitro Assessment of Thermo-Responsive Scaffold as a 3D Synthetic Matrix for CAR-T Potency Testing Against Glioblastoma Spheroids.	Journal of biomedical materials research. Part A	2025	39460647	10.1002/jbm.a.37823		https://doi.org/10.1002/jbm.a.37823			glioma_GBM	not_available_oa
primary_research	Tian G, Courtney AN, Yu H et al.	Hyperleukocytosis in a neuroblastoma patient after treatment with natural killer T cells expressing a GD2-specific chimeric antigen receptor and IL-15.	Journal for immunotherapy of cancer	2025	39800376	10.1136/jitc-2024-010156	PMC11883886	https://pmc.ncbi.nlm.nih.gov/articles/PMC11883886/	pdfs/tian_2025_pmid39800376.pdf		neuroblastoma;CAR-NKT;CAR-NK;cytokine_armoring;toxicity	downloaded_europepmc
primary_research	Quintarelli C, Del Bufalo F, De Ioris MA et al.	Donor-derived GD2-specific CAR T cells in relapsed or refractory neuroblastoma.	Nature medicine	2025	39815015	10.1038/s41591-024-03449-x		https://doi.org/10.1038/s41591-024-03449-x		supplements/quintarelli_2025_pmid39815015_supp.pdf	neuroblastoma;allogeneic	supplement_only
primary_research	Shankar K, Zingler-Hoslet I, Tabima DM et al.	Virus-free CRISPR knockin of a chimeric antigen receptor into KLRC1 generates potent GD2-specific natural killer cells.	Molecular therapy : the journal of the American Society of Gene Therapy	2025	39815622	10.1016/j.ymthe.2025.01.024	PMC11897758	https://pmc.ncbi.nlm.nih.gov/articles/PMC11897758/	pdfs/shankar_2025_pmid39815622.pdf		CAR-NK;non_viral_geneediting	downloaded_europepmc
primary_research	Vogt KC, Silberman PC, Lin Q et al.	Microenvironment actuated CAR T cells improve solid tumor efficacy without toxicity.	Science advances	2025	39841845	10.1126/sciadv.ads3403	PMC11753401	https://pmc.ncbi.nlm.nih.gov/articles/PMC11753401/	pdfs/vogt_2025_pmid39841845.pdf		toxicity	downloaded_browser
primary_research	Ni H, Reitman ZJ, Zou W et al.	FLASH radiation reprograms lipid metabolism and macrophage immunity and sensitizes medulloblastoma to CAR-T cell therapy.	Nature cancer	2025	39910249	10.1038/s43018-025-00905-6	PMC12244404	https://pmc.ncbi.nlm.nih.gov/articles/PMC12244404/	pdfs/ni_2025_pmid39910249.pdf		medulloblastoma;CAR-macrophage	downloaded_europepmc
primary_research	Liu L, He P, Wang Y et al.	Engineering sonogenetic EchoBack-CAR T cells.	Cell	2025	40179881	10.1016/j.cell.2025.02.035	PMC12085297	https://pmc.ncbi.nlm.nih.gov/articles/PMC12085297/	pdfs/liu_2025_pmid40179881.pdf		design_engineering	downloaded_europepmc
primary_research	Jünemann W, Bley I, Rekowski L et al.	GD2-CAR NK-92 cell activity against neuroblastoma cells is insusceptible to TIGIT knockout.	Cancer immunology, immunotherapy : CII	2025	40317320	10.1007/s00262-025-04010-6	PMC12049354	https://pmc.ncbi.nlm.nih.gov/articles/PMC12049354/	pdfs/j_nemann_2025_pmid40317320.pdf		neuroblastoma;CAR-NK;non_viral_geneediting	downloaded_europepmc
primary_research	Geraghty AC, Acosta-Alvarez L, Rotiroti MC et al.	Immunotherapy-related cognitive impairment after CAR T cell therapy in mice.	Cell	2025	40359942	10.1016/j.cell.2025.03.041	PMC12176077	https://pmc.ncbi.nlm.nih.gov/articles/PMC12176077/			toxicity	not_available_oa
primary_research	Foster JB, Madsen PJ, Harvey K et al.	Transient mRNA CAR T cells targeting GD2 provide dose-adjusted efficacy against diffuse midline glioma and high-grade glioma models.	Neuro-oncology	2025	40411488	10.1093/neuonc/noaf115	PMC12833531	https://pmc.ncbi.nlm.nih.gov/articles/PMC12833531/	pdfs/foster_2025_pmid40411488.pdf		DMG_DIPG_H3K27M;glioma_GBM;non_viral_geneediting	downloaded_europepmc
primary_research	Del Bufalo F, Quintarelli C, Locatelli F	Allogeneic CAR T cells: A new player in the field and the peculiar opportunities of the hospital exemption path.	Molecular therapy : the journal of the American Society of Gene Therapy	2025	40414221	10.1016/j.ymthe.2025.05.018	PMC12172255	https://pmc.ncbi.nlm.nih.gov/articles/PMC12172255/			allogeneic	not_available_oa
primary_research	Gu J, Li J, Xu Y et al.	Preliminary exploration of PSMA CAR-T combined with GD2 CAR-T for the treatment of refractory/relapsed gliomas.	Journal of translational medicine	2025	40420236	10.1186/s12967-025-06523-1	PMC12107844	https://pmc.ncbi.nlm.nih.gov/articles/PMC12107844/	pdfs/gu_2025_pmid40420236.pdf		glioma_GBM	downloaded_unpaywall
primary_research	Sodji QH, Shea A, Cappabianca D et al.	Low-dose radiation by radiopharmaceutical therapy enhances GD2 TRAC-CAR T cell efficacy in localized neuroblastoma.	Science advances	2025	40465728	10.1126/sciadv.adu4417	PMC12136040	https://pmc.ncbi.nlm.nih.gov/articles/PMC12136040/	pdfs/sodji_2025_pmid40465728.pdf		neuroblastoma	downloaded_browser
primary_research	De Mitri F, Giansanti M, Melaiu O et al.	Inhibition of autophagy enhances the antitumor efficacy of T/CAR T cell against neuroblastoma.	Journal of experimental & clinical cancer research : CR	2025	40611330	10.1186/s13046-025-03453-0	PMC12224479	https://pmc.ncbi.nlm.nih.gov/articles/PMC12224479/	pdfs/de_2025_pmid40611330.pdf		neuroblastoma	downloaded_europepmc
primary_research	Dysthe M, Navin I, van Leeuwen D et al.	Constitutive IL-7 signaling promotes CAR-NK cell survival in the solid tumor microenvironment but impairs tumor control.	Journal for immunotherapy of cancer	2025	40707132	10.1136/jitc-2024-010672	PMC12315002	https://pmc.ncbi.nlm.nih.gov/articles/PMC12315002/	pdfs/dysthe_2025_pmid40707132.pdf		CAR-NK;cytokine_armoring	downloaded_europepmc
primary_research	Navin I, Dysthe M, Menon PS et al.	TIGIT Affects CAR NK-cell Effector Function in the Solid Tumor Microenvironment by Modulating Immune Synapse Strength.	Cancer immunology research	2025	40736004	10.1158/2326-6066.CIR-24-0919	PMC12453546	https://pmc.ncbi.nlm.nih.gov/articles/PMC12453546/	pdfs/navin_2025_pmid40736004.pdf		CAR-NK	downloaded_europepmc
primary_research	Van Pelt S, White M, Tat C et al.	Tunneling CARs: Increasing CAR T-Cell Tumor Infiltration through the Overexpression of MMP-7 and Osteopontin-b.	Cancer immunology research	2025	40889278	10.1158/2326-6066.CIR-25-0149		https://doi.org/10.1158/2326-6066.CIR-25-0149			other	not_available_oa
primary_research	Philippova J, Shevchenko J, Alsalloum A et al.	GD2-Specific CAR T Cells Demonstrate Potent and Targeted Anti-Tumor Efficacy Against Melanoma In Vitro and In Vivo.	Frontiers in bioscience (Landmark edition)	2025	40917055	10.31083/FBL41221		https://doi.org/10.31083/FBL41221	pdfs/philippova_2025_pmid40917055.pdf		melanoma	downloaded_unpaywall
primary_research	Lutskovich DV, Meleshko AN, Stepanova VM et al.	Comparative Preclinical Analysis of Anti-B7-H3 CAR-T Cells Targeting Neuroblastoma.	Biomedicines	2025	41007693	10.3390/biomedicines13092130	PMC12467967	https://pmc.ncbi.nlm.nih.gov/articles/PMC12467967/	pdfs/lutskovich_2025_pmid41007693.pdf		neuroblastoma	downloaded_europepmc
primary_research	Gasparetto A, Chiarle R	CAR-ving a Path: Metalloprotease-Engineered CAR T Cells Tunnel through Solid Tumors.	Cancer immunology research	2025	41059961	10.1158/2326-6066.CIR-25-1097		https://doi.org/10.1158/2326-6066.CIR-25-1097			design_engineering	not_available_oa
primary_research	Okada R, Fanuzzi M, Rodriguez C et al.	GPC2-CAR T cells have potent preclinical activity against orthotopic medulloblastoma xenografts.	Molecular therapy. Oncology	2025	41159102	10.1016/j.omton.2025.201067	PMC12554907	https://pmc.ncbi.nlm.nih.gov/articles/PMC12554907/	pdfs/okada_2025_pmid41159102.pdf		medulloblastoma	downloaded_europepmc
primary_research	Schulenberg S, Farrera-Sal M, Loeser M et al.	Multi-parametric profiling of IL-7-augmented GD2.CART products in a phase 1 clinical trial.	iScience	2025	41210973	10.1016/j.isci.2025.113680	PMC12589891	https://pmc.ncbi.nlm.nih.gov/articles/PMC12589891/	pdfs/schulenberg_2025_pmid41210973.pdf		cytokine_armoring	downloaded_europepmc
primary_research	Xu J, Gao Y, Wang J et al.	GD2-CAR-Engineered Microglia Exhibit Antitumor Effects in Organoids and Animal Models of Retinoblastoma.	Investigative ophthalmology & visual science	2025	41230904	10.1167/iovs.66.14.26	PMC12629131	https://pmc.ncbi.nlm.nih.gov/articles/PMC12629131/	pdfs/xu_2025_pmid41230904.pdf		retinoblastoma;CAR-microglia;design_engineering	downloaded_europepmc
primary_research	Giudice AM, Matlaga S, Roth SL et al.	Target antigen-displaying extracellular vesicles boost CAR T cell efficacy in cell and mouse models of neuroblastoma.	Science translational medicine	2025	41259537	10.1126/scitranslmed.ads4214	PMC12958146	https://pmc.ncbi.nlm.nih.gov/articles/PMC12958146/	pdfs/giudice_2025_pmid41259537.pdf		neuroblastoma	downloaded_europepmc
primary_research	Mohammadzadeh Y, Gligorovski V, Egorova O et al.	Coordinate tumor-antigen uptake and dendritic cell activation by chimeric antigen receptors.	Science translational medicine	2025	41406244	10.1126/scitranslmed.adq4060		https://doi.org/10.1126/scitranslmed.adq4060			other	not_available_oa
primary_research	Kaczanowska S, Murty T, Alimadadi A et al.	Immune determinants of CAR-T cell expansion in solid tumor patients receiving GD2 CAR-T cell therapy.	Cancer cell	2024	38134936	10.1016/j.ccell.2023.11.011	PMC10947809	https://pmc.ncbi.nlm.nih.gov/articles/PMC10947809/	pdfs/kaczanowska_2024_pmid38134936.pdf		clinical_correlates	downloaded_browser
primary_research	Chiavelli C, Prapa M, Rovesti G et al.	Autologous anti-GD2 CAR T cells efficiently target primary human glioblastoma.	NPJ precision oncology	2024	38302615	10.1038/s41698-024-00506-z	PMC10834575	https://pmc.ncbi.nlm.nih.gov/articles/PMC10834575/	pdfs/chiavelli_2024_pmid38302615.pdf		glioma_GBM	downloaded_europepmc
primary_research	Ciccone R, Quintarelli C, Camera A et al.	GD2-Targeting CAR T-cell Therapy for Patients with GD2+ Medulloblastoma.	Clinical cancer research : an official journal of the American Association for Cancer Research	2024	38551501	10.1158/1078-0432.CCR-23-1880	PMC11145172	https://pmc.ncbi.nlm.nih.gov/articles/PMC11145172/	pdfs/ciccone_2024_pmid38551501.pdf		medulloblastoma	downloaded_europepmc
primary_research	Fischer-Riepe L, Kailayangiri S, Zimmermann K et al.	Preclinical Development of CAR T Cells with Antigen-Inducible IL18 Enforcement to Treat GD2-Positive Solid Cancers.	Clinical cancer research : an official journal of the American Association for Cancer Research	2024	38593230	10.1158/1078-0432.CCR-23-3157		https://doi.org/10.1158/1078-0432.CCR-23-3157			cytokine_armoring	not_available_oa
primary_research	García-García L, G Sánchez E, Ivanova M et al.	Choosing T-cell sources determines CAR-T cell activity in neuroblastoma.	Frontiers in immunology	2024	38601159	10.3389/fimmu.2024.1375833	PMC11004344	https://pmc.ncbi.nlm.nih.gov/articles/PMC11004344/	pdfs/garc_a_garc_a_2024_pmid38601159.pdf		neuroblastoma	downloaded_unpaywall
primary_research	Cappabianca D, Pham D, Forsberg MH et al.	Metabolic priming of GD2 TRAC-CAR T cells during manufacturing promotes memory phenotypes while enhancing persistence.	Molecular therapy. Methods & clinical development	2024	38699288	10.1016/j.omtm.2024.101249	PMC11063605	https://pmc.ncbi.nlm.nih.gov/articles/PMC11063605/	pdfs/cappabianca_2024_pmid38699288.pdf		manufacturing;exhaustion_memory	downloaded_browser
primary_research	Locatelli F, Quintarelli C	GD2 Target Antigen and CAR T Cells: Does It Take More Than Two to Tango?	Clinical cancer research : an official journal of the American Association for Cancer Research	2024	38869449	10.1158/1078-0432.CCR-24-0486		https://doi.org/10.1158/1078-0432.CCR-24-0486			other	not_available_oa
primary_research	Cappabianca D, Li J, Zheng Y et al.	Non-viral expression of chimeric antigen receptors with multiplex gene editing in primary T cells.	Frontiers in bioengineering and biotechnology	2024	38882639	10.3389/fbioe.2024.1379900	PMC11177325	https://pmc.ncbi.nlm.nih.gov/articles/PMC11177325/	pdfs/cappabianca_2024_pmid38882639.pdf		non_viral_geneediting	downloaded_europepmc
primary_research	Wu H, Zhang G, Liu Z et al.	Enhanced anti-tumor activity mediated by combination chimeric antigen receptor T cells targeting GD2 and GPC2 in high-risk neuroblastoma.	Cytotherapy	2024	38904586	10.1016/j.jcyt.2024.05.023		https://doi.org/10.1016/j.jcyt.2024.05.023			neuroblastoma	not_available_oa
primary_research	Pascual-Pasto G, McIntyre B, Hines MG et al.	CAR T-cell-mediated delivery of bispecific innate immune cell engagers for neuroblastoma.	Nature communications	2024	39164224	10.1038/s41467-024-51337-2	PMC11336212	https://pmc.ncbi.nlm.nih.gov/articles/PMC11336212/	pdfs/pascual_pasto_2024_pmid39164224.pdf		neuroblastoma	downloaded_europepmc
primary_research	Halliwell E, Vitali A, Muller H et al.	Targeting of low ALK antigen density neuroblastoma using AND logic-gate engineered CAR-T cells.	Cytotherapy	2023	36396552	10.1016/j.jcyt.2022.10.007		https://doi.org/10.1016/j.jcyt.2022.10.007			neuroblastoma;design_engineering	not_available_oa
primary_research	Sun M, Cao Y, Okada R et al.	Preclinical optimization of a GPC2-targeting CAR T-cell therapy for neuroblastoma.	Journal for immunotherapy of cancer	2023	36631162	10.1136/jitc-2022-005881	PMC9835961	https://pmc.ncbi.nlm.nih.gov/articles/PMC9835961/	pdfs/sun_2023_pmid36631162.pdf		neuroblastoma;design_engineering	downloaded_europepmc
primary_research	Zhang J, Webster S, Duffin B et al.	Generation of anti-GD2 CAR macrophages from human pluripotent stem cells for cancer immunotherapies.	Stem cell reports	2023	36638788	10.1016/j.stemcr.2022.12.012	PMC9968983	https://pmc.ncbi.nlm.nih.gov/articles/PMC9968983/	pdfs/zhang_2023_pmid36638788.pdf		CAR-macrophage;exhaustion_memory	downloaded_europepmc
primary_research	Logun M, Colonna MB, Mueller KP et al.	Label-free in vitro assays predict the potency of anti-disialoganglioside chimeric antigen receptor T-cell products.	Cytotherapy	2023	36849306	10.1016/j.jcyt.2023.01.008	PMC10159906	https://pmc.ncbi.nlm.nih.gov/articles/PMC10159906/			other	not_available_oa
primary_research	Li R, Sahoo P, Wang D et al.	Modeling interaction of Glioma cells and CAR T-cells considering multiple CAR T-cells bindings.	Immunoinformatics (Amsterdam, Netherlands)	2023	36875891	10.1016/j.immuno.2023.100022	PMC9983577	https://pmc.ncbi.nlm.nih.gov/articles/PMC9983577/	pdfs/li_2023_pmid36875891.pdf		glioma_GBM;scFv_affinity	downloaded_browser
primary_research	Chen J, Qiu S, Li W et al.	Tuning charge density of chimeric antigen receptor optimizes tonic signaling and CAR-T cell fitness.	Cell research	2023	36882513	10.1038/s41422-023-00789-0	PMC10156745	https://pmc.ncbi.nlm.nih.gov/articles/PMC10156745/	pdfs/chen_2023_pmid36882513.pdf		design_engineering;exhaustion_memory	downloaded_europepmc
primary_research	Harvey K, Madsen PJ, Smith T et al.	Intracranial Cannula Implantation for Serial Locoregional Chimeric Antigen Receptor (CAR) T Cell Infusions in Mice.	Journal of visualized experiments : JoVE	2023	36912520	10.3791/64886	PMC10353014	https://pmc.ncbi.nlm.nih.gov/articles/PMC10353014/	pdfs/harvey_2023_pmid36912520.pdf		other	downloaded_browser
primary_research	Zhang G, Zhao Y, Liu Z et al.	GD2 CAR-T cells in combination with Nivolumab exhibit enhanced antitumor efficacy.	Translational oncology	2023	36966611	10.1016/j.tranon.2023.101663	PMC10066552	https://pmc.ncbi.nlm.nih.gov/articles/PMC10066552/	pdfs/zhang_2023_pmid36966611.pdf		other	downloaded_europepmc
primary_research	Del Bufalo F, De Angelis B, Caruana I et al.	GD2-CART01 for Relapsed or Refractory High-Risk Neuroblastoma.	The New England journal of medicine	2023	37018492	10.1056/NEJMoa2210859		https://doi.org/10.1056/NEJMoa2210859			neuroblastoma	not_available_oa
primary_research		CAR T Cells Offer Hope for Neuroblastoma.	Cancer discovery	2023	37052406	10.1158/2159-8290.CD-NB2023-0025		https://doi.org/10.1158/2159-8290.CD-NB2023-0025			neuroblastoma	not_available_oa
primary_research	Saleh HA, Mitwasi N, Ullrich M et al.	Specific and safe targeting of glioblastoma using switchable and logic-gated RevCAR T cells.	Frontiers in immunology	2023	37122703	10.3389/fimmu.2023.1166169	PMC10145173	https://pmc.ncbi.nlm.nih.gov/articles/PMC10145173/	pdfs/saleh_2023_pmid37122703.pdf		glioma_GBM	downloaded_europepmc
primary_research	Zuo P, Li Y, He C et al.	Anti-tumor efficacy of anti-GD2 CAR NK-92 cells in diffuse intrinsic pontine gliomas.	Frontiers in immunology	2023	37251413	10.3389/fimmu.2023.1145706	PMC10213244	https://pmc.ncbi.nlm.nih.gov/articles/PMC10213244/	pdfs/zuo_2023_pmid37251413.pdf		DMG_DIPG_H3K27M;glioma_GBM;CAR-NK	downloaded_europepmc
primary_research	Righi M, Gannon I, Robson M et al.	Enhancing CAR T-cell Therapy Using Fab-Based Constitutively Heterodimeric Cytokine Receptors.	Cancer immunology research	2023	37352396	10.1158/2326-6066.CIR-22-0640	PMC10472109	https://pmc.ncbi.nlm.nih.gov/articles/PMC10472109/	pdfs/righi_2023_pmid37352396.pdf		cytokine_armoring	downloaded_europepmc
primary_research	Balke-Want H, Keerthi V, Gkitsas N et al.	Homology-independent targeted insertion (HITI) enables guided CAR knock-in and efficient clinical scale CAR-T cell manufacturing.	Molecular cancer	2023	37365642	10.1186/s12943-023-01799-7	PMC10291796	https://pmc.ncbi.nlm.nih.gov/articles/PMC10291796/	pdfs/balke_want_2023_pmid37365642.pdf		manufacturing;non_viral_geneediting	downloaded_europepmc
primary_research	Liu W, Zhao Y, Liu Z et al.	Therapeutic effects against high-grade glioblastoma mediated by engineered induced neural stem cells combined with GD2-specific CAR-NK.	Cellular oncology (Dordrecht, Netherlands)	2023	37420122	10.1007/s13402-023-00842-5	PMC12974676	https://pmc.ncbi.nlm.nih.gov/articles/PMC12974676/	pdfs/liu_2023_pmid37420122.pdf		glioma_GBM;CAR-NK;design_engineering;exhaustion_memory	downloaded_europepmc
primary_research	Wang W, Al-Hajj M, Alavi AS	Detection and quantification of integrated vector copy number by multiplex droplet digital PCR in dual-transduced CAR T cells.	Molecular therapy. Methods & clinical development	2023	37622159	10.1016/j.omtm.2023.07.003	PMC10445099	https://pmc.ncbi.nlm.nih.gov/articles/PMC10445099/	pdfs/wang_2023_pmid37622159.pdf		design_engineering	downloaded_europepmc
primary_research	Bodden M, Häcker A, Röder J et al.	Co-Expression of an IL-15 Superagonist Facilitates Self-Enrichment of GD(2)-Targeted CAR-NK Cells and Mediates Potent Cell Killing in the Absence of IL-2.	Cancers	2023	37686586	10.3390/cancers15174310	PMC10486391	https://pmc.ncbi.nlm.nih.gov/articles/PMC10486391/	pdfs/bodden_2023_pmid37686586.pdf		CAR-NK;cytokine_armoring	downloaded_europepmc
primary_research	Rios X, Pardias O, Morales MA et al.	Refining chimeric antigen receptors via barcoded protein domain combination pooled screening.	Molecular therapy : the journal of the American Society of Gene Therapy	2023	37705245	10.1016/j.ymthe.2023.09.008	PMC10638030	https://pmc.ncbi.nlm.nih.gov/articles/PMC10638030/	pdfs/rios_2023_pmid37705245.pdf		other	downloaded_europepmc
primary_research	Bergaggio E, Tai WT, Aroldi A et al.	ALK inhibitors increase ALK expression and sensitize neuroblastoma cells to ALK.CAR-T cells.	Cancer cell	2023	38039964	10.1016/j.ccell.2023.11.004	PMC10793157	https://pmc.ncbi.nlm.nih.gov/articles/PMC10793157/			neuroblastoma	not_available_oa
primary_research	Sodji QH, Forsberg MH, Cappabianca D et al.	Comparative Study of the Effect of Radiation Delivered by Lutetium-177 or Actinium-225 on Anti-GD2 Chimeric Antigen Receptor T Cell Viability and Functions.	Cancers	2023	38201618	10.3390/cancers16010191	PMC10778389	https://pmc.ncbi.nlm.nih.gov/articles/PMC10778389/	pdfs/sodji_2023_pmid38201618.pdf		other	downloaded_europepmc
primary_research	Golinelli G, Grisendi G, Dall'Ora M et al.	Anti-GD2 CAR MSCs against metastatic Ewing's sarcoma.	Translational oncology	2022	34649148	10.1016/j.tranon.2021.101240	PMC8517927	https://pmc.ncbi.nlm.nih.gov/articles/PMC8517927/	pdfs/golinelli_2022_pmid34649148.pdf		sarcoma;CAR-MSC	downloaded_europepmc
primary_research	de Billy E, Pellegrino M, Orlando D et al.	Dual IGF1R/IR inhibitors in combination with GD2-CAR T-cells display a potent anti-tumor activity in diffuse midline glioma H3K27M-mutant.	Neuro-oncology	2022	34964902	10.1093/neuonc/noab300	PMC9248389	https://pmc.ncbi.nlm.nih.gov/articles/PMC9248389/	pdfs/de_2022_pmid34964902.pdf		DMG_DIPG_H3K27M;glioma_GBM	downloaded_europepmc
primary_research	Reppel L, Tsahouridis O, Akulian J et al.	Targeting disialoganglioside GD2 with chimeric antigen receptor-redirected T cells in lung cancer.	Journal for immunotherapy of cancer	2022	35022195	10.1136/jitc-2021-003897	PMC8756261	https://pmc.ncbi.nlm.nih.gov/articles/PMC8756261/	pdfs/reppel_2022_pmid35022195.pdf		lung_cancer	downloaded_europepmc
primary_research	Miao L, Zhang J, Zhang Z et al.	A Bibliometric and Knowledge-Map Analysis of CAR-T Cells From 2009 to 2021.	Frontiers in immunology	2022	35371087	10.3389/fimmu.2022.840956	PMC8971369	https://pmc.ncbi.nlm.nih.gov/articles/PMC8971369/	pdfs/miao_2022_pmid35371087.pdf		other	downloaded_europepmc
primary_research		GD2-Targeting CAR T Cells Show Promise in H3K27M-Mutated Gliomas.	Cancer discovery	2022	35373272	10.1158/2159-8290.CD-RW2022-030		https://doi.org/10.1158/2159-8290.CD-RW2022-030			DMG_DIPG_H3K27M;glioma_GBM	not_available_oa
primary_research	Glienke W, Dragon AC, Zimmermann K et al.	GMP-Compliant Manufacturing of TRUCKs: CAR T Cells targeting GD(2) and Releasing Inducible IL-18.	Frontiers in immunology	2022	35401506	10.3389/fimmu.2022.839783	PMC8988144	https://pmc.ncbi.nlm.nih.gov/articles/PMC8988144/	pdfs/glienke_2022_pmid35401506.pdf		manufacturing;cytokine_armoring	downloaded_europepmc
primary_research	Gargett T, Ebert LM, Truong NTH et al.	GD2-targeting CAR-T cells enhanced by transgenic IL-15 expression are an effective and clinically feasible therapy for glioblastoma.	Journal for immunotherapy of cancer	2022	36167468	10.1136/jitc-2022-005187	PMC9516307	https://pmc.ncbi.nlm.nih.gov/articles/PMC9516307/	pdfs/gargett_2022_pmid36167468.pdf		glioma_GBM;cytokine_armoring	downloaded_europepmc
primary_research	Mueller KP, Piscopo NJ, Forsberg MH et al.	Production and characterization of virus-free, CRISPR-CAR T cells capable of inducing solid tumor regression.	Journal for immunotherapy of cancer	2022	36382633	10.1136/jitc-2021-004446	PMC9454086	https://pmc.ncbi.nlm.nih.gov/articles/PMC9454086/	pdfs/mueller_2022_pmid36382633.pdf		manufacturing;non_viral_geneediting	downloaded_europepmc
primary_research	Haydar D, Houke H, Chiang J et al.	Cell-surface antigen profiling of pediatric brain tumors: B7-H3 is consistently expressed and can be targeted via local or systemic CAR T-cell delivery.	Neuro-oncology	2021	33320196	10.1093/neuonc/noaa278	PMC8168826	https://pmc.ncbi.nlm.nih.gov/articles/PMC8168826/	pdfs/haydar_2021_pmid33320196.pdf		exhaustion_memory	downloaded_europepmc
primary_research	Sujjitjoon J, Sayour E, Tsao ST et al.	GD2-specific chimeric antigen receptor-modified T cells targeting retinoblastoma - assessing tumor and T cell interaction.	Translational oncology	2021	33321428	10.1016/j.tranon.2020.100971	PMC7745061	https://pmc.ncbi.nlm.nih.gov/articles/PMC7745061/	pdfs/sujjitjoon_2021_pmid33321428.pdf		retinoblastoma	downloaded_europepmc
primary_research	Moghimi B, Muthugounder S, Jambon S et al.	Preclinical assessment of the efficacy and specificity of GD2-B7H3 SynNotch CAR-T in metastatic neuroblastoma.	Nature communications	2021	33479234	10.1038/s41467-020-20785-x	PMC7820416	https://pmc.ncbi.nlm.nih.gov/articles/PMC7820416/	pdfs/moghimi_2021_pmid33479234.pdf		neuroblastoma	downloaded_europepmc
primary_research	Caforio M, Sorino C, Caruana I et al.	GD2 redirected CAR T and activated NK-cell-mediated secretion of IFNγ overcomes MYCN-dependent IDO1 inhibition, contributing to neuroblastoma cell immune escape.	Journal for immunotherapy of cancer	2021	33737337	10.1136/jitc-2020-001502	PMC7978286	https://pmc.ncbi.nlm.nih.gov/articles/PMC7978286/	pdfs/caforio_2021_pmid33737337.pdf		neuroblastoma;CAR-NK	downloaded_europepmc
primary_research	Gennert DG, Lynn RC, Granja JM et al.	Dynamic chromatin regulatory landscape of human CAR T cell exhaustion.	Proceedings of the National Academy of Sciences of the United States of America	2021	34285077	10.1073/pnas.2104758118	PMC8325267	https://pmc.ncbi.nlm.nih.gov/articles/PMC8325267/	pdfs/gennert_2021_pmid34285077.pdf		exhaustion_memory	downloaded_europepmc
primary_research	Tomida A, Yagyu S, Nakamura K et al.	Inhibition of MEK pathway enhances the antitumor efficacy of chimeric antigen receptor T cells against neuroblastoma.	Cancer science	2021	34382720	10.1111/cas.15074	PMC8486218	https://pmc.ncbi.nlm.nih.gov/articles/PMC8486218/	pdfs/tomida_2021_pmid34382720.pdf		neuroblastoma	downloaded_europepmc
primary_research	Prapa M, Chiavelli C, Golinelli G et al.	GD2 CAR T cells against human glioblastoma.	NPJ precision oncology	2021	34707200	10.1038/s41698-021-00233-9	PMC8551169	https://pmc.ncbi.nlm.nih.gov/articles/PMC8551169/	pdfs/prapa_2021_pmid34707200.pdf		glioma_GBM	downloaded_europepmc
primary_research	Li G, Zhang Q, Han Z et al.	IL-7 and CCR2b Co-Expression-Mediated Enhanced CAR-T Survival and Infiltration in Solid Tumors.	Frontiers in oncology	2021	34778046	10.3389/fonc.2021.734593	PMC8579717	https://pmc.ncbi.nlm.nih.gov/articles/PMC8579717/	pdfs/li_2021_pmid34778046.pdf		cytokine_armoring	downloaded_europepmc
primary_research	Rudek LS, Zimmermann K, Galla M et al.	"Generation of an NFκB-Driven Alpharetroviral ""All-in-One"" Vector Construct as a Potent Tool for CAR NK Cell Therapy."	Frontiers in immunology	2021	34804035	10.3389/fimmu.2021.751138	PMC8595471	https://pmc.ncbi.nlm.nih.gov/articles/PMC8595471/	pdfs/rudek_2021_pmid34804035.pdf		CAR-NK;design_engineering	downloaded_europepmc
primary_research	Golinelli G, Grisendi G, Prapa M et al.	Targeting GD2-positive glioblastoma by chimeric antigen receptor empowered mesenchymal progenitors.	Cancer gene therapy	2020	30464207	10.1038/s41417-018-0062-x	PMC7445885	https://pmc.ncbi.nlm.nih.gov/articles/PMC7445885/	pdfs/golinelli_2020_pmid30464207.pdf		glioma_GBM;CAR-MSC	downloaded_unpaywall
primary_research	Charan M, Dravid P, Cam M et al.	GD2-directed CAR-T cells in combination with HGF-targeted neutralizing antibody (AMG102) prevent primary tumor growth and metastasis in Ewing sarcoma.	International journal of cancer	2020	31621900	10.1002/ijc.32743	PMC7440656	https://pmc.ncbi.nlm.nih.gov/articles/PMC7440656/	pdfs/charan_2020_pmid31621900.pdf		sarcoma	downloaded_browser
primary_research	Sellmyer MA, Richman SA, Lohith K et al.	Imaging CAR T Cell Trafficking with eDHFR as a PET Reporter Gene.	Molecular therapy : the journal of the American Society of Gene Therapy	2020	31668558	10.1016/j.ymthe.2019.10.007	PMC6953896	https://pmc.ncbi.nlm.nih.gov/articles/PMC6953896/	pdfs/sellmyer_2020_pmid31668558.pdf		other	downloaded_europepmc
primary_research	Seitz CM, Schroeder S, Knopf P et al.	GD2-targeted chimeric antigen receptor T cells prevent metastasis formation by elimination of breast cancer stem-like cells.	Oncoimmunology	2020	32002293	10.1080/2162402X.2019.1683345	PMC6959445	https://pmc.ncbi.nlm.nih.gov/articles/PMC6959445/	pdfs/seitz_2020_pmid32002293.pdf		breast_cancer;exhaustion_memory	downloaded_europepmc
primary_research	Zimmermann K, Kuehle J, Dragon AC et al.	"Design and Characterization of an ""All-in-One"" Lentiviral Vector System Combining Constitutive Anti-G(D2) CAR Expression and Inducible Cytokines."	Cancers	2020	32041222	10.3390/cancers12020375	PMC7072617	https://pmc.ncbi.nlm.nih.gov/articles/PMC7072617/	pdfs/zimmermann_2020_pmid32041222.pdf		design_engineering;exhaustion_memory;cytokine_armoring	downloaded_europepmc
primary_research	Chulanetra M, Morchang A, Sayour E et al.	GD2 chimeric antigen receptor modified T cells in synergy with sub-toxic level of doxorubicin targeting osteosarcomas.	American journal of cancer research	2020	32195035		PMC7061749	https://pmc.ncbi.nlm.nih.gov/articles/PMC7061749/	pdfs/chulanetra_2020_pmid32195035.pdf		sarcoma	downloaded_europepmc
primary_research	Murty S, Haile ST, Beinat C et al.	Intravital imaging reveals synergistic effect of CAR T-cells and radiation therapy in a preclinical immunocompetent glioblastoma model.	Oncoimmunology	2020	32923113	10.1080/2162402X.2020.1757360	PMC7458609	https://pmc.ncbi.nlm.nih.gov/articles/PMC7458609/	pdfs/murty_2020_pmid32923113.pdf		glioma_GBM	downloaded_europepmc
primary_research	Dirar Q, Russell T, Liu L et al.	Activation and degranulation of CAR-T cells using engineered antigen-presenting cell surfaces.	PloS one	2020	32976541	10.1371/journal.pone.0238819	PMC7518621	https://pmc.ncbi.nlm.nih.gov/articles/PMC7518621/	pdfs/dirar_2020_pmid32976541.pdf		design_engineering	downloaded_europepmc
primary_research	Huarte E, O'Connor RS, Peel MT et al.	Itacitinib (INCB039110), a JAK1 Inhibitor, Reduces Cytokines Associated with Cytokine Release Syndrome Induced by CAR T-cell Therapy.	Clinical cancer research : an official journal of the American Association for Cancer Research	2020	32998963	10.1158/1078-0432.CCR-20-1739	PMC7895329	https://pmc.ncbi.nlm.nih.gov/articles/PMC7895329/	pdfs/huarte_2020_pmid32998963.pdf		cytokine_armoring;toxicity	downloaded_browser
primary_research	Straathof K, Flutter B, Wallace R et al.	Antitumor activity without on-target off-tumor toxicity of GD2-chimeric antigen receptor T cells in patients with neuroblastoma.	Science translational medicine	2020	33239386	10.1126/scitranslmed.abd6169		https://doi.org/10.1126/scitranslmed.abd6169			neuroblastoma;safety_switch;toxicity	not_available_oa
primary_research	Wang K, Chen Y, Ahn S et al.	GD2-specific CAR T cells encapsulated in an injectable hydrogel control retinoblastoma and preserve vision.	Nature cancer	2020	33898999	10.1038/s43018-020-00119-y	PMC8061756	https://pmc.ncbi.nlm.nih.gov/articles/PMC8061756/	pdfs/wang_2020_pmid33898999.pdf		retinoblastoma	downloaded_browser
primary_research	Chen Y, Sun C, Landoni E et al.	Eradication of Neuroblastoma by T Cells Redirected with an Optimized GD2-Specific Chimeric Antigen Receptor and Interleukin-15.	Clinical cancer research : an official journal of the American Association for Cancer Research	2019	30617136	10.1158/1078-0432.CCR-18-1811		https://doi.org/10.1158/1078-0432.CCR-18-1811			neuroblastoma;design_engineering	not_available_oa
primary_research	Xu X, Huang W, Heczey A et al.	NKT Cells Coexpressing a GD2-Specific Chimeric Antigen Receptor and IL15 Show Enhanced In Vivo Persistence and Antitumor Activity against Neuroblastoma.	Clinical cancer research : an official journal of the American Association for Cancer Research	2019	31484667	10.1158/1078-0432.CCR-19-0421	PMC6891170	https://pmc.ncbi.nlm.nih.gov/articles/PMC6891170/	pdfs/xu_2019_pmid31484667.pdf		neuroblastoma;CAR-NKT;cytokine_armoring	downloaded_browser
primary_research	Andersch L, Radke J, Klaus A et al.	CD171- and GD2-specific CAR-T cells potently target retinoblastoma cells in preclinical in vitro testing.	BMC cancer	2019	31500597	10.1186/s12885-019-6131-1	PMC6732842	https://pmc.ncbi.nlm.nih.gov/articles/PMC6732842/	pdfs/andersch_2019_pmid31500597.pdf		retinoblastoma	downloaded_unpaywall
primary_research	Richman SA, Nunez-Cruz S, Moghimi B et al.	High-Affinity GD2-Specific CAR T Cells Induce Fatal Encephalitis in a Preclinical Neuroblastoma Model.	Cancer immunology research	2018	29180536	10.1158/2326-6066.CIR-17-0211	PMC6004321	https://pmc.ncbi.nlm.nih.gov/articles/PMC6004321/	pdfs/richman_2018_pmid29180536.pdf		neuroblastoma;scFv_affinity;toxicity	downloaded_browser
primary_research	Yu J, Wu X, Yan J et al.	Anti-GD2/4-1BB chimeric antigen receptor T cell therapy for the treatment of Chinese melanoma patients.	Journal of hematology & oncology	2018	29298689	10.1186/s13045-017-0548-2	PMC5751546	https://pmc.ncbi.nlm.nih.gov/articles/PMC5751546/	pdfs/yu_2018_pmid29298689.pdf		melanoma;costim_domains	downloaded_europepmc
primary_research	Capsomidis A, Benthall G, Van Acker HH et al.	Chimeric Antigen Receptor-Engineered Human Gamma Delta T Cells: Enhanced Cytotoxicity with Retention of Cross Presentation.	Molecular therapy : the journal of the American Society of Gene Therapy	2018	29310916	10.1016/j.ymthe.2017.12.001	PMC5835118	https://pmc.ncbi.nlm.nih.gov/articles/PMC5835118/	pdfs/capsomidis_2018_pmid29310916.pdf		CAR-gdT;design_engineering;toxicity	downloaded_europepmc
primary_research	Mount CW, Majzner RG, Sundaresh S et al.	Potent antitumor efficacy of anti-GD2 CAR T cells in H3-K27M(+) diffuse midline gliomas.	Nature medicine	2018	29662203	10.1038/s41591-018-0006-x	PMC6214371	https://pmc.ncbi.nlm.nih.gov/articles/PMC6214371/	pdfs/mount_2018_pmid29662203.pdf		DMG_DIPG_H3K27M;glioma_GBM	downloaded_browser
primary_research	Quintarelli C, Orlando D, Boffa I et al.	Choice of costimulatory domains and of cytokines determines CAR T-cell activity in neuroblastoma.	Oncoimmunology	2018	29872565	10.1080/2162402X.2018.1433518	PMC5980417	https://pmc.ncbi.nlm.nih.gov/articles/PMC5980417/	pdfs/quintarelli_2018_pmid29872565.pdf		neuroblastoma;costim_domains;cytokine_armoring	downloaded_europepmc
primary_research	Zhong Q, Zhu YM, Zheng LL et al.	Chimeric Antigen Receptor-T Cells with 4-1BB Co-Stimulatory Domain Present a Superior Treatment Outcome than Those with CD28 Domain Based on Bioinformatics.	Acta haematologica	2018	30253384	10.1159/000492146		https://doi.org/10.1159/000492146			costim_domains;clinical_correlates	not_available_oa
primary_research	Omer B, Castillo PA, Tashiro H et al.	Chimeric Antigen Receptor Signaling Domains Differentially Regulate Proliferation and Native T Cell Receptor Function in Virus-Specific T Cells.	Frontiers in medicine	2018	30619856	10.3389/fmed.2018.00343	PMC6297364	https://pmc.ncbi.nlm.nih.gov/articles/PMC6297364/	pdfs/omer_2018_pmid30619856.pdf		other	downloaded_browser
primary_research	Kailayangiri S, Altvater B, Spurny C et al.	Targeting Ewing sarcoma with activated and GD2-specific chimeric antigen receptor-engineered human NK cells induces upregulation of immune-inhibitory HLA-G.	Oncoimmunology	2017	28197367	10.1080/2162402X.2016.1250050	PMC5283645	https://pmc.ncbi.nlm.nih.gov/articles/PMC5283645/	pdfs/kailayangiri_2017_pmid28197367.pdf		sarcoma;CAR-NK;design_engineering	downloaded_browser
primary_research	Fisher J, Abramowski P, Wisidagamage Don ND et al.	Avoidance of On-Target Off-Tumor Activation Using a Co-stimulation-Only Chimeric Antigen Receptor.	Molecular therapy : the journal of the American Society of Gene Therapy	2017	28341563	10.1016/j.ymthe.2017.03.002	PMC5417796	https://pmc.ncbi.nlm.nih.gov/articles/PMC5417796/	pdfs/fisher_2017_pmid28341563.pdf		safety_switch	downloaded_browser
primary_research	Heczey A, Louis CU, Savoldo B et al.	CAR T Cells Administered in Combination with Lymphodepletion and PD-1 Inhibition to Patients with Neuroblastoma.	Molecular therapy : the journal of the American Society of Gene Therapy	2017	28602436	10.1016/j.ymthe.2017.05.012	PMC5589058	https://pmc.ncbi.nlm.nih.gov/articles/PMC5589058/	pdfs/heczey_2017_pmid28602436.pdf		neuroblastoma	downloaded_browser
primary_research	Hoseini SS, Dobrenkov K, Pankov D et al.	Bispecific antibody does not induce T-cell death mediated by chimeric antigen receptor against disialoganglioside GD2.	Oncoimmunology	2017	28680755	10.1080/2162402X.2017.1320625	PMC5486173	https://pmc.ncbi.nlm.nih.gov/articles/PMC5486173/	pdfs/hoseini_2017_pmid28680755.pdf		other	downloaded_browser
primary_research	Bocca P, Di Carlo E, Caruana I et al.	Bevacizumab-mediated tumor vasculature remodelling improves tumor infiltration and antitumor efficacy of GD2-CAR T cells in a human neuroblastoma preclinical model.	Oncoimmunology	2017	29296542	10.1080/2162402X.2017.1378843	PMC5739560	https://pmc.ncbi.nlm.nih.gov/articles/PMC5739560/	pdfs/bocca_2017_pmid29296542.pdf		neuroblastoma	downloaded_europepmc
primary_research	Mitwasi N, Feldmann A, Bergmann R et al.	Development of novel target modules for retargeting of UniCAR T cells to GD2 positive tumor cells.	Oncotarget	2017	29312553	10.18632/oncotarget.21017	PMC5752466	https://pmc.ncbi.nlm.nih.gov/articles/PMC5752466/	pdfs/mitwasi_2017_pmid29312553.pdf		other	downloaded_europepmc
primary_research	Long AH, Highfill SL, Cui Y et al.	Reduction of MDSCs with All-trans Retinoic Acid Improves CAR Therapy Efficacy for Sarcomas.	Cancer immunology research	2016	27549124	10.1158/2326-6066.CIR-15-0230	PMC5050151	https://pmc.ncbi.nlm.nih.gov/articles/PMC5050151/	pdfs/long_2016_pmid27549124.pdf		sarcoma	downloaded_browser
primary_research	Gargett T, Fraser CK, Dotti G et al.	BRAF and MEK inhibition variably affect GD2-specific chimeric antigen receptor (CAR) T-cell function in vitro.	Journal of immunotherapy (Hagerstown, Md. : 1997)	2015	25415284	10.1097/CJI.0000000000000061		https://doi.org/10.1097/CJI.0000000000000061			other	not_available_oa
primary_research	Gargett T, Brown MP	Different cytokine and stimulation conditions influence the expansion and immune phenotype of third-generation chimeric antigen receptor T cells specific for tumor antigen GD2.	Cytotherapy	2015	25573334	10.1016/j.jcyt.2014.12.002		https://doi.org/10.1016/j.jcyt.2014.12.002			cytokine_armoring;clinical_correlates	not_available_oa
primary_research	Caruana I, Weber G, Ballard BC et al.	K562-Derived Whole-Cell Vaccine Enhances Antitumor Responses of CAR-Redirected Virus-Specific Cytotoxic T Lymphocytes In Vivo.	Clinical cancer research : an official journal of the American Association for Cancer Research	2015	25691731	10.1158/1078-0432.CCR-14-2998	PMC4490027	https://pmc.ncbi.nlm.nih.gov/articles/PMC4490027/	pdfs/caruana_2015_pmid25691731.pdf		other	downloaded_browser
primary_research	Sun J, Huye LE, Lapteva N et al.	Early transduction produces highly functional chimeric antigen receptor-modified virus-specific T-cells with central memory markers: a Production Assistant for Cell Therapy (PACT) translational application.	Journal for immunotherapy of cancer	2015	25734008	10.1186/s40425-015-0049-1	PMC4346112	https://pmc.ncbi.nlm.nih.gov/articles/PMC4346112/	pdfs/sun_2015_pmid25734008.pdf		manufacturing;exhaustion_memory	downloaded_europepmc
primary_research	Prapa M, Caldrer S, Spano C et al.	A novel anti-GD2/4-1BB chimeric antigen receptor triggers neuroblastoma cell killing.	Oncotarget	2015	26298772	10.18632/oncotarget.4670	PMC4694800	https://pmc.ncbi.nlm.nih.gov/articles/PMC4694800/	pdfs/prapa_2015_pmid26298772.pdf		neuroblastoma;costim_domains	downloaded_browser
primary_research	Karlsson H, Svensson E, Gigg C et al.	Evaluation of Intracellular Signaling Downstream Chimeric Antigen Receptors.	PloS one	2015	26700307	10.1371/journal.pone.0144787	PMC4689545	https://pmc.ncbi.nlm.nih.gov/articles/PMC4689545/	pdfs/karlsson_2015_pmid26700307.pdf		other	downloaded_unpaywall
primary_research	Long AH, Haso WM, Shern JF et al.	4-1BB costimulation ameliorates T cell exhaustion induced by tonic signaling of chimeric antigen receptors.	Nature medicine	2015	25939063	10.1038/nm.3838	PMC4458184	https://pmc.ncbi.nlm.nih.gov/articles/PMC4458184/	pdfs/long_2015_pmid25939063.pdf		exhaustion_memory;costim_domains	downloaded_browser
primary_research	Heczey A, Liu D, Tian G et al.	Invariant NKT cells with chimeric antigen receptor provide a novel platform for safe and effective cancer immunotherapy.	Blood	2014	25049283	10.1182/blood-2013-11-541235	PMC4215313	https://pmc.ncbi.nlm.nih.gov/articles/PMC4215313/	pdfs/heczey_2014_pmid25049283.pdf		CAR-NKT	downloaded_europepmc
primary_research	Nishio N, Diaconu I, Liu H et al.	Armed oncolytic virus enhances immune functions of chimeric antigen receptor-modified T cells in solid tumors.	Cancer research	2014	25060519	10.1158/0008-5472.CAN-14-0697	PMC4167556	https://pmc.ncbi.nlm.nih.gov/articles/PMC4167556/	pdfs/nishio_2014_pmid25060519.pdf		other	downloaded_browser
primary_research	Singh N, Liu X, Hulitt J et al.	Nature of tumor control by permanently and transiently modified GD2 chimeric antigen receptor T cells in xenograft models of neuroblastoma.	Cancer immunology research	2014	25104548	10.1158/2326-6066.CIR-14-0051	PMC5584373	https://pmc.ncbi.nlm.nih.gov/articles/PMC5584373/	pdfs/singh_2014_pmid25104548.pdf		neuroblastoma	downloaded_browser
primary_research	Lee DW, Barrett DM, Mackall C et al.	The future is now: chimeric antigen receptors as new targeted therapies for childhood cancer.	Clinical cancer research : an official journal of the American Association for Cancer Research	2012	22589486	10.1158/1078-0432.CCR-11-1920	PMC4119811	https://pmc.ncbi.nlm.nih.gov/articles/PMC4119811/	pdfs/lee_2012_pmid22589486.pdf		other	downloaded_browser
primary_research	Esser R, Müller T, Stefes D et al.	NK cells engineered to express a GD2 -specific antigen receptor display built-in ADCC-like activity against tumour cells of neuroectodermal origin.	Journal of cellular and molecular medicine	2012	21595822	10.1111/j.1582-4934.2011.01343.x	PMC3822932	https://pmc.ncbi.nlm.nih.gov/articles/PMC3822932/	pdfs/esser_2012_pmid21595822.pdf		CAR-NK;design_engineering	downloaded_browser
primary_research	Craddock JA, Lu A, Bear A et al.	Enhanced tumor trafficking of GD2 chimeric antigen receptor T cells by expression of the chemokine receptor CCR2b.	Journal of immunotherapy (Hagerstown, Md. : 1997)	2010	20842059	10.1097/CJI.0b013e3181ee6675	PMC2998197	https://pmc.ncbi.nlm.nih.gov/articles/PMC2998197/	pdfs/craddock_2010_pmid20842059.pdf		other	downloaded_browser
primary_research	Yvon E, Del Vecchio M, Savoldo B et al.	Immunotherapy of metastatic melanoma using genetically engineered GD2-specific T cells.	Clinical cancer research : an official journal of the American Association for Cancer Research	2009	19737958	10.1158/1078-0432.CCR-08-3163	PMC2745508	https://pmc.ncbi.nlm.nih.gov/articles/PMC2745508/			melanoma;design_engineering	not_available_oa
primary_research	Pule MA, Savoldo B, Myers GD et al.	Virus-specific T cells engineered to coexpress tumor-specific receptors: persistence and antitumor activity in individuals with neuroblastoma.	Nature medicine	2008	18978797	10.1038/nm.1882	PMC2749734	https://pmc.ncbi.nlm.nih.gov/articles/PMC2749734/	pdfs/pule_2008_pmid18978797.pdf		neuroblastoma;design_engineering	downloaded_browser
primary_research	Riemer AB, Förster-Waldl E, Brämswig KH et al.	Induction of IgG antibodies against the GD2 carbohydrate tumor antigen by vaccination with peptide mimotopes.	European journal of immunology	2006	16568495	10.1002/eji.200535279		https://doi.org/10.1002/eji.200535279			other	not_available_oa
preprint	Stiber A, Quach B, Ogunlade B et al.	Dynamic, single-cell monitoring of CAR T cell identity and activation with Raman spectroscopy.	bioRxiv : the preprint server for biology	2026	42124718	10.64898/2026.02.22.707331	PMC13160088	https://pmc.ncbi.nlm.nih.gov/articles/PMC13160088/	pdfs/stiber_2026_pmid42124718.pdf		other	downloaded_europepmc
preprint	Hu T, Zhu Z, Luo Y et al.	BACH2 dosage establishes the hierarchy of stemness and finetunes antitumor immunity in CAR T cells.	bioRxiv : the preprint server for biology	2025	40894663	10.1101/2025.08.18.670909	PMC12393325	https://pmc.ncbi.nlm.nih.gov/articles/PMC12393325/			exhaustion_memory	not_available_oa
preprint	Sarko L, Givand D, Shepley C et al.	Directing fratricide within T cell products using an anti-uPAR chimeric antigen receptor to drive the production of potent therapeutic cells.	bioRxiv : the preprint server for biology	2025	41279709	10.1101/2025.10.24.684419	PMC12633439	https://pmc.ncbi.nlm.nih.gov/articles/PMC12633439/			manufacturing	not_available_oa
preprint	Chang CC, Shi L, Choi SH et al.	Synthesis of mRNA lipid nanoparticles for engineering GD2 CAR T and CAR NK cells against neuroblastoma.	bioRxiv : the preprint server for biology	2025	41446149	10.64898/2025.12.15.692195	PMC12724558	https://pmc.ncbi.nlm.nih.gov/articles/PMC12724558/			neuroblastoma;CAR-NK;design_engineering;non_viral_geneediting	not_available_oa
preprint	Shankar K, Zingler-Hoslet I, Shi L et al.	Virus-free CRISPR knock-in of a chimeric antigen receptor into KLRC1 generates potent GD2-specific natural killer cells.	bioRxiv : the preprint server for biology	2024	38405747	10.1101/2024.02.14.580371	PMC10888791	https://pmc.ncbi.nlm.nih.gov/articles/PMC10888791/			CAR-NK;non_viral_geneediting	not_available_oa
preprint	Cappabianca D, Pham D, Forsberg MH et al.	Metabolic priming of GD2 TRAC -CAR T cells during manufacturing promotes memory phenotypes while enhancing persistence.	bioRxiv : the preprint server for biology	2024	38562720	10.1101/2024.01.31.575774	PMC10983869	https://pmc.ncbi.nlm.nih.gov/articles/PMC10983869/			manufacturing;exhaustion_memory	not_available_oa
preprint	Che-Hsing L, Sharma S, Heczey AA et al.	Eighteen-year survival after GD2-directed Chimeric Antigen Receptor-Modified Immune Effector Cell Treatment for Neuroblastoma.	Research square	2024	38659815	10.21203/rs.3.rs-4232549/v1	PMC11042400	https://pmc.ncbi.nlm.nih.gov/articles/PMC11042400/	pdfs/che_hsing_2024_pmid38659815.pdf		neuroblastoma	downloaded_europepmc
preprint	Geraghty AC, Acosta-Alvarez L, Rotiroti M et al.	Immunotherapy-related cognitive impairment after CAR T cell therapy in mice.	bioRxiv : the preprint server for biology	2024	38798554	10.1101/2024.05.14.594163	PMC11118392	https://pmc.ncbi.nlm.nih.gov/articles/PMC11118392/	pdfs/geraghty_2024_pmid38798554.pdf		toxicity	downloaded_europepmc
preprint	Monje M, Mahdi J, Majzner R et al.	Sequential intravenous and intracerebroventricular GD2-CAR T-cell therapy for H3K27M-mutated diffuse midline gliomas.	medRxiv : the preprint server for health sciences	2024	38978673	10.1101/2024.06.25.24309146	PMC11230330	https://pmc.ncbi.nlm.nih.gov/articles/PMC11230330/	pdfs/monje_2024_pmid38978673.pdf		DMG_DIPG_H3K27M;glioma_GBM	downloaded_unpaywall
preprint	Lakhani A, Chen X, Chen LC et al.	Extracellular Domains of CAR Reprogram T-Cell Metabolism Without Antigen Stimulation.	bioRxiv : the preprint server for biology	2023	37066394	10.1101/2023.04.03.533021	PMC10103977	https://pmc.ncbi.nlm.nih.gov/articles/PMC10103977/			other	not_available_oa
review	Habibi MA, Zand A, Robat-Jazi B et al.	The safety and efficacy of GD2-targeted CAR-T cells in patients with neuroblastoma: a systematic review and meta-analysis.	European journal of medical research	2026	41530803	10.1186/s40001-025-03764-0	PMC12888293	https://pmc.ncbi.nlm.nih.gov/articles/PMC12888293/	pdfs/habibi_2026_pmid41530803.pdf		neuroblastoma;exhaustion_memory	downloaded_europepmc
review	Mackall C	CAR T cells: the missing piece needed to improve outcomes for children with cancer?	Journal for immunotherapy of cancer	2026	41545304	10.1136/jitc-2025-013325	PMC12815067	https://pmc.ncbi.nlm.nih.gov/articles/PMC12815067/	pdfs/mackall_2026_pmid41545304.pdf		clinical_correlates	downloaded_europepmc
review	Hakem Zadeh F, Shah N, Bird V	Prostate cancer and CAR-T therapy: a systematic review.	BMC cancer	2026	41826891	10.1186/s12885-026-15703-1	PMC13104223	https://pmc.ncbi.nlm.nih.gov/articles/PMC13104223/	pdfs/hakem_2026_pmid41826891.pdf		exhaustion_memory	downloaded_europepmc
review	Alliot H, Machy P, Leclair MD et al.	Targeting GD2 with CAR-T Cell Therapy in Neuroblastoma: Updates, Challenges, and Future Perspectives.	Current oncology reports	2026	42154183	10.1007/s11912-026-01796-1		https://doi.org/10.1007/s11912-026-01796-1			neuroblastoma	not_available_oa
review	Ciosek A, Hofmann J, Galant K et al.	Beyond Hematology-Current Insights into Chimeric Antigen Receptor (CAR) T-Cell Therapy for Skin and Connective Tissue Disorders.	Cells	2026	42193884	10.3390/cells15100874		https://doi.org/10.3390/cells15100874			other	not_available_oa
review	Canciani G, Fabozzi F, Pinacchio C et al.	Developing CAR T-Cell Therapies for Pediatric Solid Tumors.	Paediatric drugs	2025	39382819	10.1007/s40272-024-00653-7		https://doi.org/10.1007/s40272-024-00653-7			other	not_available_oa
review	Grewal EP, Nahed BV, Carter BS et al.	Clinical progress in the development of CAR T cells to treat malignant glioma.	Journal of neuro-oncology	2025	39695004	10.1007/s11060-024-04909-7		https://doi.org/10.1007/s11060-024-04909-7			glioma_GBM	not_available_oa
review	Martínez-Gamboa DA, Hans R, Moreno-Cortes E et al.	CAR T-cell therapy landscape in pediatric, adolescent and young adult oncology - A comprehensive analysis of clinical trials.	Critical reviews in oncology/hematology	2025	39900318	10.1016/j.critrevonc.2025.104648		https://doi.org/10.1016/j.critrevonc.2025.104648			other	not_available_oa
review	Gerber WK, Xie Y, Patel SA	Expanding the Therapeutic Reach of Chimeric Antigen Receptor T-Cells and Bispecific T-Cell Engagers Across Solid Tumors.	JCO precision oncology	2025	40138603	10.1200/PO-24-00753	PMC11952672	https://pmc.ncbi.nlm.nih.gov/articles/PMC11952672/	pdfs/gerber_2025_pmid40138603.pdf		other	downloaded_europepmc
review	Knoedler L, Herfeld K, Schaefer DA et al.	CAR-T cell therapy and reconstructive oncologic surgery in peripheral solid tumors-A narrative review.	Cell reports. Medicine	2025	40675157	10.1016/j.xcrm.2025.102240	PMC12432357	https://pmc.ncbi.nlm.nih.gov/articles/PMC12432357/	pdfs/knoedler_2025_pmid40675157.pdf		design_engineering	downloaded_europepmc
review	Hadiloo K, Mostanadi P, Asadzadeh A et al.	Targeting cancer stem cells with CAR-based immunotherapy: biology, evidence, and future directions.	Cancer cell international	2025	40722155	10.1186/s12935-025-03846-3	PMC12302805	https://pmc.ncbi.nlm.nih.gov/articles/PMC12302805/	pdfs/hadiloo_2025_pmid40722155.pdf		exhaustion_memory	downloaded_europepmc
review	Guo J, Zhou C, Zhao H et al.	Challenges and breakthroughs: current landscape and future prospects of CAR-T cell therapy clinical trials for solid tumors.	Frontiers in oncology	2025	40969260	10.3389/fonc.2025.1652329	PMC12440771	https://pmc.ncbi.nlm.nih.gov/articles/PMC12440771/	pdfs/guo_2025_pmid40969260.pdf		other	downloaded_europepmc
review	Królikowska A, Tarnowski M	CAR-T cells immunotherapy in the treatment of glioblastoma.	Cancer immunology, immunotherapy : CII	2025	41196398	10.1007/s00262-025-04222-w	PMC12592620	https://pmc.ncbi.nlm.nih.gov/articles/PMC12592620/	pdfs/kr_likowska_2025_pmid41196398.pdf		glioma_GBM	downloaded_europepmc
review	Li G, Wang H, Meftahpour V	Overall review of curative impact and barriers of CAR-T cells in osteosarcoma.	EXCLI journal	2024	38655095	10.17179/excli2023-6760	PMC11036068	https://pmc.ncbi.nlm.nih.gov/articles/PMC11036068/	pdfs/li_2024_pmid38655095.pdf		sarcoma	downloaded_europepmc
review	Das AK, Sinha M, Singh SK et al.	CAR T-cell therapy: a potential treatment strategy for pediatric midline gliomas.	Acta neurologica Belgica	2024	38669002	10.1007/s13760-024-02519-8		https://doi.org/10.1007/s13760-024-02519-8			glioma_GBM	not_available_oa
review	Satapathy BP, Sheoran P, Yadav R et al.	The synergistic immunotherapeutic impact of engineered CAR-T cells with PD-1 blockade in lymphomas and solid tumors: a systematic review.	Frontiers in immunology	2024	38799440	10.3389/fimmu.2024.1389971	PMC11116574	https://pmc.ncbi.nlm.nih.gov/articles/PMC11116574/	pdfs/satapathy_2024_pmid38799440.pdf		design_engineering;exhaustion_memory	downloaded_europepmc
review	Lutskovich D, Meleshko A, Katsin M	State of the art and perspectives of chimeric antigen receptor T cells cell therapy for neuroblastoma.	Cytotherapy	2024	38852096	10.1016/j.jcyt.2024.05.011		https://doi.org/10.1016/j.jcyt.2024.05.011			neuroblastoma	not_available_oa
review	Testa U, Castelli G, Pelosi E	CAR-T Cells in the Treatment of Nervous System Tumors.	Cancers	2024	39199683	10.3390/cancers16162913	PMC11352247	https://pmc.ncbi.nlm.nih.gov/articles/PMC11352247/	pdfs/testa_2024_pmid39199683.pdf		exhaustion_memory	downloaded_europepmc
review	Zhou D, Zhu X, Xiao Y	Advances in CAR-T therapy for central nervous system tumors.	Biomarker research	2024	39506843	10.1186/s40364-024-00679-6	PMC11539471	https://pmc.ncbi.nlm.nih.gov/articles/PMC11539471/	pdfs/zhou_2024_pmid39506843.pdf		exhaustion_memory	downloaded_europepmc
review	Guzman G, Reed MR, Bielamowicz K et al.	CAR-T Therapies in Solid Tumors: Opportunities and Challenges.	Current oncology reports	2023	36853475	10.1007/s11912-023-01380-x	PMC10110629	https://pmc.ncbi.nlm.nih.gov/articles/PMC10110629/	pdfs/guzman_2023_pmid36853475.pdf		other	downloaded_europepmc
review	Tang HKC, Wang B, Tan HX et al.	CAR T-Cell Therapy for Cancer: Latest Updates and Challenges, with a Focus on B-Lymphoid Malignancies and Selected Solid Tumours.	Cells	2023	37371056	10.3390/cells12121586	PMC10296619	https://pmc.ncbi.nlm.nih.gov/articles/PMC10296619/	pdfs/tang_2023_pmid37371056.pdf		other	downloaded_europepmc
review	Cao Y, Efetov SK, He M et al.	Updated Clinical Perspectives and Challenges of Chimeric Antigen Receptor-T Cell Therapy in Colorectal Cancer and Invasive Breast Cancer.	Archivum immunologiae et therapiae experimentalis	2023	37566162	10.1007/s00005-023-00684-x		https://doi.org/10.1007/s00005-023-00684-x			breast_cancer	not_available_oa
review	Pearson AD, Rossig C, Mackall C et al.	Paediatric Strategy Forum for medicinal product development of chimeric antigen receptor T-cells in children and adolescents with cancer: ACCELERATE in collaboration with the European Medicines Agency with participation of the Food and Drug Administration.	European journal of cancer (Oxford, England : 1990)	2022	34840026	10.1016/j.ejca.2021.10.016	PMC12974519	https://pmc.ncbi.nlm.nih.gov/articles/PMC12974519/	pdfs/pearson_2022_pmid34840026.pdf		other	downloaded_europepmc
review	Corti C, Venetis K, Sajjadi E et al.	CAR-T cell therapy for triple-negative breast cancer and other solid tumors: preclinical and clinical progress.	Expert opinion on investigational drugs	2022	35311430	10.1080/13543784.2022.2054326		https://doi.org/10.1080/13543784.2022.2054326			breast_cancer	not_available_oa
review	Antonucci L, Canciani G, Mastronuzzi A et al.	CAR-T Therapy for Pediatric High-Grade Gliomas: Peculiarities, Current Investigations and Future Strategies.	Frontiers in immunology	2022	35603195	10.3389/fimmu.2022.867154	PMC9115105	https://pmc.ncbi.nlm.nih.gov/articles/PMC9115105/	pdfs/antonucci_2022_pmid35603195.pdf		glioma_GBM	downloaded_europepmc
review	Liu J, Tu X, Liu L et al.	Advances in CAR-T cell therapy for malignant solid tumors.	Zhejiang da xue xue bao. Yi xue ban = Journal of Zhejiang University. Medical sciences	2022	36161290	10.3724/zdxbyxb-2022-0044	PMC10251187	https://pmc.ncbi.nlm.nih.gov/articles/PMC10251187/	pdfs/liu_2022_pmid36161290.pdf		other	downloaded_europepmc
review	Zhang J, Siller-Farfán JA	Current and future perspectives of chimeric antigen receptors against glioblastoma.	Immunotherapy advances	2022	36284838	10.1093/immadv/ltac014	PMC9585667	https://pmc.ncbi.nlm.nih.gov/articles/PMC9585667/	pdfs/zhang_2022_pmid36284838.pdf		glioma_GBM	downloaded_europepmc
review	Razavi A, Keshavarz-Fathi M, Pawelek J et al.	Chimeric antigen receptor T-cell therapy for melanoma.	Expert review of clinical immunology	2021	33481629	10.1080/1744666X.2021.1880895		https://doi.org/10.1080/1744666X.2021.1880895			melanoma	not_available_oa
review	Terry RL, Meyran D, Fleuren EDG et al.	Chimeric Antigen Receptor T cell Therapy and the Immunosuppressive Tumor Microenvironment in Pediatric Sarcoma.	Cancers	2021	34572932	10.3390/cancers13184704	PMC8465026	https://pmc.ncbi.nlm.nih.gov/articles/PMC8465026/	pdfs/terry_2021_pmid34572932.pdf		sarcoma	downloaded_europepmc
review	Mikkilineni L, Yates B, Steinberg SM et al.	Infectious complications of CAR T-cell therapy across novel antigen targets in the first 30 days.	Blood advances	2021	34619768	10.1182/bloodadvances.2021004896	PMC9153053	https://pmc.ncbi.nlm.nih.gov/articles/PMC9153053/	pdfs/mikkilineni_2021_pmid34619768.pdf		toxicity	downloaded_europepmc
review	Duan Y, Chen R, Huang Y et al.	Tuning the ignition of CAR: optimizing the affinity of scFv to improve CAR-T therapy.	Cellular and molecular life sciences : CMLS	2021	34966954	10.1007/s00018-021-04089-x	PMC11073403	https://pmc.ncbi.nlm.nih.gov/articles/PMC11073403/	pdfs/duan_2021_pmid34966954.pdf		design_engineering;scFv_affinity	downloaded_europepmc
review	Thanindratarn P, Dean DC, Nelson SD et al.	Chimeric antigen receptor T (CAR-T) cell immunotherapy for sarcomas: From mechanisms to potential clinical applications.	Cancer treatment reviews	2020	31794912	10.1016/j.ctrv.2019.101934		https://doi.org/10.1016/j.ctrv.2019.101934			sarcoma	not_available_oa
review	Zhao Z, Xiao X, Saw PE et al.	Chimeric antigen receptor T cells in solid tumors: a war against the tumor microenvironment.	Science China. Life sciences	2020	31883066	10.1007/s11427-019-9665-8		https://doi.org/10.1007/s11427-019-9665-8			other	not_available_oa
review	Rashidijahanabad Z, Huang X	Recent advances in tumor associated carbohydrate antigen based chimeric antigen receptor T cells and bispecific antibodies for anti-cancer immunotherapy.	Seminars in immunology	2020	31982247	10.1016/j.smim.2020.101390	PMC7160013	https://pmc.ncbi.nlm.nih.gov/articles/PMC7160013/	pdfs/rashidijahanabad_2020_pmid31982247.pdf		other	downloaded_browser
review	Köksal H, Müller E, Inderberg EM et al.	Treating osteosarcoma with CAR T cells.	Scandinavian journal of immunology	2019	30549299	10.1111/sji.12741		https://doi.org/10.1111/sji.12741			sarcoma	not_available_oa
review	Li F, Zhang T, Cao L et al.	Chimeric Antigen Receptor T Cell Based Immunotherapy for Cancer.	Current stem cell research & therapy	2018	29676233	10.2174/1574888X13666180420110239		https://doi.org/10.2174/1574888X13666180420110239			other	not_available_oa
review	Perez-Amill L, Marzal B, Urbano-Ispizua A et al.	CAR-T Cell Therapy: A Door Is Open to Find Innumerable Possibilities of Treatments for Cancer Patients.	Turkish journal of haematology : official journal of Turkish Society of Haematology	2018	30185400	10.4274/tjh.2018.0196	PMC6256819	https://pmc.ncbi.nlm.nih.gov/articles/PMC6256819/	pdfs/perez_amill_2018_pmid30185400.pdf		other	downloaded_europepmc
review	Richards RM, Sotillo E, Majzner RG	CAR T Cell Therapy for Neuroblastoma.	Frontiers in immunology	2018	30459759	10.3389/fimmu.2018.02380	PMC6232778	https://pmc.ncbi.nlm.nih.gov/articles/PMC6232778/	pdfs/richards_2018_pmid30459759.pdf		neuroblastoma	downloaded_europepmc
review	Rossig C, Kailayangiri S, Jamitzky S et al.	Carbohydrate Targets for CAR T Cells in Solid Childhood Cancers.	Frontiers in oncology	2018	30483473	10.3389/fonc.2018.00513	PMC6240699	https://pmc.ncbi.nlm.nih.gov/articles/PMC6240699/	pdfs/rossig_2018_pmid30483473.pdf		other	downloaded_unpaywall
review	Ni YR, Xu XJ, Tang YM	[Progress in clinical studies of chimeric antigen receptor engineered T cells for treatment of childhood cancer].	Zhongguo dang dai er ke za zhi = Chinese journal of contemporary pediatrics	2017	29132473	10.7499/j.issn.1008-8830.2017.11.018	PMC7389329	https://pmc.ncbi.nlm.nih.gov/articles/PMC7389329/	pdfs/ni_2017_pmid29132473.pdf		design_engineering	downloaded_europepmc
review	Nishio N, Dotti G	Oncolytic virus expressing RANTES and IL-15 enhances function of CAR-modified T cells in solid tumors.	Oncoimmunology	2015	25949885	10.4161/21505594.2014.988098	PMC4404887	https://pmc.ncbi.nlm.nih.gov/articles/PMC4404887/	pdfs/nishio_2015_pmid25949885.pdf		cytokine_armoring	downloaded_browser
review	Gargett T, Brown MP	"The inducible caspase-9 suicide gene system as a ""safety switch"" to limit on-target, off-tumor toxicities of chimeric antigen receptor T cells."	Frontiers in pharmacology	2014	25389405	10.3389/fphar.2014.00235	PMC4211380	https://pmc.ncbi.nlm.nih.gov/articles/PMC4211380/	pdfs/gargett_2014_pmid25389405.pdf		exhaustion_memory;safety_switch	downloaded_europepmc
review	Heczey A, Louis CU	Advances in chimeric antigen receptor immunotherapy for neuroblastoma.	Discovery medicine	2013	24333408		PMC4106238	https://pmc.ncbi.nlm.nih.gov/articles/PMC4106238/			neuroblastoma	not_available_oa
editorial_correspondence	Tian G, Courtney AN, Heczey A et al.	"Response to: Correspondence on ""Hyperleukocytosis in a neuroblastoma patient after treatment with natural killer T cells expressing a GD2-specific chimeric antigen receptor and IL-15"" by Ataca Atilla and Atilla."	Journal for immunotherapy of cancer	2025	40044579	10.1136/jitc-2025-011858	PMC11883543	https://pmc.ncbi.nlm.nih.gov/articles/PMC11883543/	pdfs/tian_2025_pmid40044579.pdf		neuroblastoma;CAR-NKT;CAR-NK;cytokine_armoring;toxicity	downloaded_europepmc
editorial_correspondence	Locatelli F, Pagliara D, De Ioris MA et al.	Publisher Correction: GD2-targeting CAR T cells in high-risk neuroblastoma: a phase 1/2 trial.	Nature medicine	2025	40926103	10.1038/s41591-025-03996-x		https://doi.org/10.1038/s41591-025-03996-x	pdfs/locatelli_2025_pmid40926103.pdf		neuroblastoma	downloaded_unpaywall
editorial_correspondence	Arnett AB, Heczey A	GD2-CAR CAR T cells in patients with osteosarcoma and neuroblastoma-it's not only the T cells that matter.	Cancer cell	2024	38134937	10.1016/j.ccell.2023.11.012		https://doi.org/10.1016/j.ccell.2023.11.012			neuroblastoma;sarcoma	not_available_oa
editorial_correspondence	Heczey A, Xu X, Courtney AN et al.	Author Correction: Anti-GD2 CAR-NKT cells in relapsed or refractory neuroblastoma: updated phase 1 trial interim results.	Nature medicine	2024	38195754	10.1038/s41591-024-02799-w		https://doi.org/10.1038/s41591-024-02799-w	pdfs/heczey_2024_pmid38195754.pdf		neuroblastoma;CAR-NKT;CAR-NK	downloaded_unpaywall
editorial_correspondence	Power EA, Millesi E, Rechberger JS et al.	CAR-T cells for H3K27-altered diffuse midline gliomas: where do we stand?	Immunotherapy	2024	39016046	10.1080/1750743X.2024.2373043	PMC11457631	https://pmc.ncbi.nlm.nih.gov/articles/PMC11457631/	pdfs/power_2024_pmid39016046.pdf		DMG_DIPG_H3K27M;glioma_GBM	downloaded_europepmc
editorial_correspondence	Monje M, Mahdi J, Majzner R et al.	Author Correction: Intravenous and intracranial GD2-CAR T cells for H3K27M(+) diffuse midline gliomas.	Nature	2024	39613972	10.1038/s41586-024-08452-3	PMC11655351	https://pmc.ncbi.nlm.nih.gov/articles/PMC11655351/	pdfs/monje_2024_pmid39613972.pdf		DMG_DIPG_H3K27M;glioma_GBM	downloaded_europepmc
editorial_correspondence	Franson A, Koschmann C	Enhancing GD2 CAR T-cell therapy with IGF-1R blockade: Are DIPG CAR T cells ready for combinatorial therapy?	Neuro-oncology	2022	35323961	10.1093/neuonc/noac073	PMC9248381	https://pmc.ncbi.nlm.nih.gov/articles/PMC9248381/	pdfs/franson_2022_pmid35323961.pdf		DMG_DIPG_H3K27M	downloaded_europepmc
editorial_correspondence	Tumino N, Weber G, Besi F et al.	Polymorphonuclear myeloid-derived suppressor cells impair the anti-tumor efficacy of GD2.CAR T-cells in patients with neuroblastoma.	Journal of hematology & oncology	2021	34772439	10.1186/s13045-021-01193-0	PMC8588686	https://pmc.ncbi.nlm.nih.gov/articles/PMC8588686/	pdfs/tumino_2021_pmid34772439.pdf		neuroblastoma	downloaded_europepmc
editorial_correspondence	Furukawa K, Ohmi Y, Furukawa K	Anti-GD2 CAR T cells could prove transformative for H3-K27M(+) diffuse midline gliomas.	Translational cancer research	2019	35117070	10.21037/tcr.2018.08.21	PMC8797336	https://pmc.ncbi.nlm.nih.gov/articles/PMC8797336/	pdfs/furukawa_2019_pmid35117070.pdf		DMG_DIPG_H3K27M;glioma_GBM	downloaded_europepmc
editorial_correspondence	Furukawa K, Ohmi Y, Furukawa K	Erratum to anti-GD2 CAR T cells could prove transformative for H3-K27M(+) diffuse midline gliomas.	Translational cancer research	2019	35129554	10.21037/tcr.2019.04.17	PMC8798005	https://pmc.ncbi.nlm.nih.gov/articles/PMC8798005/	pdfs/furukawa_2019_pmid35129554.pdf		DMG_DIPG_H3K27M;glioma_GBM	downloaded_europepmc
editorial_correspondence	Majzner RG, Weber EW, Lynn RC et al.	Neurotoxicity Associated with a High-Affinity GD2 CAR-Letter.	Cancer immunology research	2018	29610423	10.1158/2326-6066.CIR-18-0089		https://doi.org/10.1158/2326-6066.CIR-18-0089			scFv_affinity;toxicity	not_available_oa
editorial_correspondence	Richman SA, Milone MC	Neurotoxicity Associated with a High-Affinity GD2 CAR-Response.	Cancer immunology research	2018	29610424	10.1158/2326-6066.CIR-18-0090		https://doi.org/10.1158/2326-6066.CIR-18-0090			scFv_affinity;toxicity	not_available_oa
