category	authors	title	venue	year	pmid	doi	pmcid	url	local_pdf	fulltext_xml	topics	status
pemetrexed_cdk46_direct	Sahebjam et al.	A phase 2 study of abemaciclib in patients with brain metastases secondary to non-small cell lung cancer or melanoma.	Neuro-oncology advances	2026	41768125	10.1093/noajnl/vdag005	PMC12936396	https://doi.org/10.1093/noajnl/vdag005		sahebjam_2026_pmid41768125.xml	pemetrexed;abemaciclib;nsclc;sclc;breast;clinical_trial;antimetabolite	fulltext_xml
pemetrexed_cdk46_direct	Terenziani et al.	CDK4/6 Inhibition Enhances the Efficacy of Standard Chemotherapy Treatment in Malignant Pleural Mesothelioma Cells.	Cancers	2022	36497412	10.3390/cancers14235925	PMC9739278	https://doi.org/10.3390/cancers14235925		terenziani_2022_pmid36497412.xml	pemetrexed;abemaciclib;mesothelioma;preclinical;mechanism	fulltext_xml
pemetrexed_cdk46_direct	Ke et al.	Combining a CDK4/6 Inhibitor With Pemetrexed Inhibits Cell Proliferation and Metastasis in Human Lung Adenocarcinoma.	Frontiers in oncology	2022	35686110	10.3389/fonc.2022.880153	PMC9172583	https://doi.org/10.3389/fonc.2022.880153		ke_2022_pmid35686110.xml	pemetrexed;ribociclib;nsclc;clinical_trial;preclinical;synergy;mechanism	fulltext_xml
pemetrexed_cdk46_direct	Kim et al.	Abemaciclib in Combination with Single-Agent Options in Patients with Stage IV Non-Small Cell Lung Cancer: A Phase Ib Study.	Clinical cancer research : an official journal of the American Association for Cancer Research	2018	30082474	10.1158/1078-0432.CCR-18-0651		https://doi.org/10.1158/1078-0432.CCR-18-0651			pemetrexed;abemaciclib;nsclc;sclc;myeloprotection;clinical_trial;preclinical;sequencing;antimetabolite	metadata_only
cdk46_chemo_lung_meso	Sreeram et al.	Pseudo-senescence induced by palbociclib does not sensitise pleural mesothelioma cells to combinations with senolytics.	Cell death & disease	2026	41963314	10.1038/s41419-026-08696-z	PMC13076679	https://doi.org/10.1038/s41419-026-08696-z		sreeram_2026_pmid41963314.xml	palbociclib;abemaciclib;mesothelioma;preclinical;synergy;mechanism	fulltext_xml
cdk46_chemo_lung_meso	Liu et al.	Survival benefit from abemaciclib in non-small cell lung cancer by Kirsten rat sarcoma-mutation gene expression subtype: retrospective analysis from the JUNIPER Trial.	Frontiers in oncology	2025	40231258	10.3389/fonc.2025.1461530	PMC11994929	https://doi.org/10.3389/fonc.2025.1461530		liu_2025_pmid40231258.xml	abemaciclib;nsclc;sclc;clinical_trial;immunotherapy	fulltext_xml
cdk46_chemo_lung_meso	Decaudin et al.	Evaluation of Combined Chemotherapy and Genomic-Driven Targeted Therapy in Patient-Derived Xenografts Identifies New Therapeutic Approaches in Squamous Non-Small-Cell Lung Cancer Patients.	Cancers	2024	39199558	10.3390/cancers16162785	PMC11352497	https://doi.org/10.3390/cancers16162785		decaudin_2024_pmid39199558.xml	palbociclib;nsclc;sclc;clinical_trial;preclinical;mechanism	fulltext_xml
cdk46_chemo_lung_meso	Costa et al.	Pharmacological inhibition of CDK4/6 impairs diffuse pleural mesothelioma 3D spheroid growth and reduces viability of cisplatin-resistant cells.	Frontiers in oncology	2024	39011477	10.3389/fonc.2024.1418951	PMC11246887	https://doi.org/10.3389/fonc.2024.1418951		costa_2024_pmid39011477.xml	palbociclib;ribociclib;abemaciclib;mesothelioma;clinical_trial;preclinical;synergy;mechanism	fulltext_xml
cdk46_chemo_lung_meso	Pujol et al.	Abemaciclib in Combination With Pembrolizumab for Stage IV KRAS-Mutant or Squamous NSCLC: A Phase 1b Study.	JTO clinical and research reports	2021	34746886	10.1016/j.jtocrr.2021.100234	PMC8551846	https://doi.org/10.1016/j.jtocrr.2021.100234		pujol_2021_pmid34746886.xml	abemaciclib;nsclc;sclc;breast;clinical_trial;preclinical;synergy;immunotherapy	fulltext_xml
cdk46_chemo_lung_meso	Son et al.	Synergistic Antitumor Effect of Taxanes and CDK4/6 Inhibitor in Lung Cancer Cells and Mice Harboring KRAS Mutations.	Anticancer research	2021	34593430	10.21873/anticanres.15296		https://doi.org/10.21873/anticanres.15296			abemaciclib;nsclc;preclinical;synergy	metadata_only
cdk46_chemo_lung_meso	Tolaney et al.	Abemaciclib plus trastuzumab with or without fulvestrant versus trastuzumab plus standard-of-care chemotherapy in women with hormone receptor-positive, HER2-positive advanced breast cancer (monarcHER): a randomised, open-label, phase 2 trial.	The Lancet. Oncology	2020	32353342	10.1016/S1470-2045(20)30112-1		https://doi.org/10.1016/S1470-2045(20)30112-1			abemaciclib;mesothelioma;breast;myeloprotection;clinical_trial;sequencing;mechanism	metadata_only
cdk46_chemo_lung_meso	Goldman et al.	A Randomized Phase III Study of Abemaciclib Versus Erlotinib in Patients with Stage IV Non-small Cell Lung Cancer With a Detectable KRAS Mutation Who Failed Prior Platinum-Based Therapy: JUNIPER.	Frontiers in oncology	2020	33194700	10.3389/fonc.2020.578756	PMC7649422	https://doi.org/10.3389/fonc.2020.578756		goldman_2020_pmid33194700.xml	abemaciclib;nsclc;sclc;clinical_trial;immunotherapy	fulltext_xml
cdk46_chemo_lung_meso	Fujimura et al.	Enhanced antitumor effect of alectinib in combination with cyclin-dependent kinase 4/6 inhibitor against RET-fusion-positive non-small cell lung cancer cells.	Cancer biology & therapy	2020	32835580	10.1080/15384047.2020.1806643	PMC7515507	https://doi.org/10.1080/15384047.2020.1806643			palbociclib;abemaciclib;nsclc;sclc;preclinical;synergy;mechanism	metadata_only
cdk46_chemo_lung_meso	Cao et al.	Combining CDK4/6 inhibition with taxanes enhances anti-tumor efficacy by sustained impairment of pRB-E2F pathways in squamous cell lung cancer.	Oncogene	2019	30700828	10.1038/s41388-019-0708-7		https://doi.org/10.1038/s41388-019-0708-7			palbociclib;nsclc;sclc;breast;preclinical;immunotherapy;mechanism	metadata_only
cdk46_chemo_lung_meso	Besse et al.	A phase 1b study of necitumumab in combination with abemaciclib in patients with stage IV non-small cell lung cancer.	Lung cancer (Amsterdam, Netherlands)	2019	31586771	10.1016/j.lungcan.2019.09.002		https://doi.org/10.1016/j.lungcan.2019.09.002			abemaciclib;nsclc;sclc;clinical_trial	metadata_only
cdk46_chemo_lung_meso	Lennerz et al.	A case report of primary cardiac sarcoma: a diagnostic and therapeutic challenge.	European heart journal. Case reports	2018	31020219	10.1093/ehjcr/yty143	PMC6426008	https://doi.org/10.1093/ehjcr/yty143		lennerz_2018_pmid31020219.xml	palbociclib;nsclc;sclc;breast;sequencing	fulltext_xml
cdk46_chemo_lung_meso	Gopalan et al.	CDK4/6 inhibition stabilizes disease in patients with p16-null non-small cell lung cancer and is synergistic with mTOR inhibition.	Oncotarget	2018	30647837	10.18632/oncotarget.26424	PMC6324768	https://doi.org/10.18632/oncotarget.26424		gopalan_2018_pmid30647837.xml	palbociclib;nsclc;sclc;clinical_trial;preclinical;synergy;mechanism	fulltext_xml
cdk46_chemo_lung_meso	Schettini et al.	CDK 4/6 Inhibitors as Single Agent in Advanced Solid Tumors.	Frontiers in oncology	2018	30631751	10.3389/fonc.2018.00608	PMC6315195	https://doi.org/10.3389/fonc.2018.00608		schettini_2018_pmid30631751.xml	palbociclib;ribociclib;abemaciclib;nsclc;sclc;breast;clinical_trial;preclinical;mechanism	fulltext_xml
cdk46_chemo_lung_meso	Tsironis et al.	Breakthroughs in the treatment of advanced squamous-cell NSCLC: not the neglected sibling anymore?	Annals of translational medicine	2018	29862232	10.21037/atm.2018.02.18	PMC5952019	https://doi.org/10.21037/atm.2018.02.18			nsclc;sclc;immunotherapy	metadata_only
cdk46_chemo_lung_meso	Asano et al.	Broad-spectrum Preclinical Antitumor Activity of Eribulin (Halaven®): Combination with Anticancer Agents of Differing Mechanisms.	Anticancer research	2018	29848686	10.21873/anticanres.12604		https://doi.org/10.21873/anticanres.12604			palbociclib;nsclc;sclc;breast;clinical_trial;preclinical;antimetabolite	metadata_only
cdk46_chemo_lung_meso	Kempf et al.	KRAS oncogene in lung cancer: focus on molecularly driven clinical trials.	European respiratory review : an official journal of the European Respiratory Society	2016	26929424	10.1183/16000617.0071-2015	PMC9487658	https://doi.org/10.1183/16000617.0071-2015		kempf_2016_pmid26929424.xml	abemaciclib;nsclc;sclc;clinical_trial;immunotherapy	fulltext_xml
cdk46_chemo_lung_meso	Bar et al.	miR Profiling Identifies Cyclin-Dependent Kinase 6 Downregulation as a Potential Mechanism of Acquired Cisplatin Resistance in Non-Small-Cell Lung Carcinoma.	Clinical lung cancer	2015	25703099	10.1016/j.cllc.2015.01.008		https://doi.org/10.1016/j.cllc.2015.01.008			palbociclib;nsclc;sclc;preclinical;antagonism;mechanism	metadata_only
cdk46_chemo_lung_meso	Zhang et al.	A CDK4/6 inhibitor enhances cytotoxicity of paclitaxel in lung adenocarcinoma cells harboring mutant KRAS as well as wild-type KRAS.	Cancer biology & therapy	2013	23792647	10.4161/cbt.24592	PMC3742489	https://doi.org/10.4161/cbt.24592		zhang_2013_pmid23792647.xml	nsclc;synergy;mechanism	fulltext_xml
cdk46_chemo_lung_meso	Hua et al.	A novel muscarinic antagonist R2HBJJ inhibits non-small cell lung cancer cell growth and arrests the cell cycle in G0/G1.	PloS one	2012	23285263	10.1371/journal.pone.0053170	PMC3532118	https://doi.org/10.1371/journal.pone.0053170		hua_2012_pmid23285263.xml	nsclc;sclc;antagonism;mechanism	fulltext_xml
trilaciclib_myeloprotection	Sears-Smith et al.	ToPCourT protocol: a phase II trial of Trilaciclib, Pembrolizumab, gemcitabine, and Carboplatin in locally advanced/unresectable or metastatic Triple-negative breast cancer.	Future oncology (London, England)	2026	41810725	10.1080/14796694.2026.2639737	PMC13235246	https://doi.org/10.1080/14796694.2026.2639737			trilaciclib;breast;clinical_trial;preclinical;antimetabolite;immunotherapy	metadata_only
trilaciclib_myeloprotection	Izzo et al.	Cyclotherapy: exploiting cell-cycle decoupling for selective cancer cytotoxicity and normal-tissue protection.	Cancer treatment reviews	2026	42335582	10.1016/j.ctrv.2026.103172		https://doi.org/10.1016/j.ctrv.2026.103172			trilaciclib;sclc;myeloprotection;preclinical;sequencing;mechanism	metadata_only
trilaciclib_myeloprotection	Wang et al.	Myeloprotection effect of trilaciclib in lung cancer patients undergoing chemotherapy: a real-world retrospective study.	Journal of thoracic disease	2026	42444864	10.21037/jtd-2025-1-2687	PMC13358833	https://doi.org/10.21037/jtd-2025-1-2687			trilaciclib;sclc;myeloprotection;clinical_trial	metadata_only
trilaciclib_myeloprotection	Petrelli et al.	A decade of progress in small-cell lung cancer (2015-2025): a narrative review.	European journal of clinical pharmacology	2026	42324360	10.1007/s00228-026-04119-2		https://doi.org/10.1007/s00228-026-04119-2			trilaciclib;sclc;myeloprotection;clinical_trial;immunotherapy	metadata_only
trilaciclib_myeloprotection	Yang et al.	Trilaciclib for prophylaxis of chemotherapy-induced myelosuppression in solid tumor patients: a systematic review and meta-analysis.	Frontiers in pharmacology	2026	42028439	10.3389/fphar.2026.1754502	PMC13100468	https://doi.org/10.3389/fphar.2026.1754502		yang_2026_pmid42028439.xml	trilaciclib;myeloprotection;clinical_trial	fulltext_xml
trilaciclib_myeloprotection	Chan et al.	CDK4/6 inhibition mitigates chemotherapy-induced expansion of TP53-mutant clonal hematopoiesis.	Nature genetics	2026	41814002	10.1038/s41588-026-02526-w	PMC12987733	https://doi.org/10.1038/s41588-026-02526-w		chan_2026_pmid41814002.xml	trilaciclib;myeloprotection;clinical_trial;preclinical;sequencing	fulltext_xml
trilaciclib_myeloprotection	Ahmed et al.	Efficacy and safety of trilaciclib to prevent chemotherapy-induced myelosuppression in advanced solid tumors: a systematic review and meta-analysis.	Clinical & translational oncology : official publication of the Federation of Spanish Oncology Societies and of the National Cancer Institute of Mexico	2026	41642397	10.1007/s12094-026-04234-7		https://doi.org/10.1007/s12094-026-04234-7			trilaciclib;myeloprotection;clinical_trial	metadata_only
trilaciclib_myeloprotection	Shi et al.	Discovery of Potent and Selective CDK4/6 Inhibitors for the Treatment of Chemotherapy-Induced Myelosuppression.	Journal of medicinal chemistry	2025	39760276	10.1021/acs.jmedchem.4c02080		https://doi.org/10.1021/acs.jmedchem.4c02080			trilaciclib;myeloprotection;preclinical;antimetabolite	metadata_only
trilaciclib_myeloprotection	Lenz et al.	Trilaciclib prior to FOLFOXIRI/bevacizumab for patients with untreated metastatic colorectal cancer: phase 3 PRESERVE 1 trial.	JNCI cancer spectrum	2025	39579142	10.1093/jncics/pkae116	PMC11708780	https://doi.org/10.1093/jncics/pkae116		lenz_2025_pmid39579142.xml	trilaciclib;sclc;myeloprotection;clinical_trial;sequencing;antimetabolite	fulltext_xml
trilaciclib_myeloprotection	Zeng et al.	Case Report: Analysis of short-term clinical efficacy of trilaciclib in patients with advanced lung neuroendocrine carcinoma undergoing chemotherapy.	Frontiers in oncology	2025	41199846	10.3389/fonc.2025.1685910	PMC12586057	https://doi.org/10.3389/fonc.2025.1685910		zeng_2025_pmid41199846.xml	trilaciclib;nsclc;sclc;myeloprotection;clinical_trial;immunotherapy	fulltext_xml
trilaciclib_myeloprotection	Gao et al.	Trilaciclib triggers a neutrophil-related immune response and sensitizes non-small cell lung cancer to anti-PD-1 therapy.	Cell reports. Medicine	2025	41197618	10.1016/j.xcrm.2025.102434	PMC12711662	https://doi.org/10.1016/j.xcrm.2025.102434		gao_2025_pmid41197618.xml	trilaciclib;nsclc;sclc;myeloprotection;immunotherapy;mechanism	fulltext_xml
trilaciclib_myeloprotection	Ding et al.	Myelopreservation effect of trilaciclib in extensive-stage small cell lung cancer (ES-SCLC): a systematic review and meta-analysis with trial sequential analysis of randomized clinical trials.	Translational lung cancer research	2025	41133004	10.21037/tlcr-2025-67	PMC12541855	https://doi.org/10.21037/tlcr-2025-67		ding_2025_pmid41133004.xml	trilaciclib;sclc;myeloprotection;clinical_trial;sequencing	fulltext_xml
trilaciclib_myeloprotection	Cui et al.	Application value and safety of trilaciclib in first-line chemotherapy combined with immunotherapy for extensive-stage small cell lung cancer: A real-world study.	Oncology letters	2025	41089370	10.3892/ol.2025.15309	PMC12517122	https://doi.org/10.3892/ol.2025.15309		cui_2025_pmid41089370.xml	trilaciclib;sclc;myeloprotection;clinical_trial;immunotherapy	fulltext_xml
trilaciclib_myeloprotection	He et al.	The value and safety of trilaciclib in combination with first-line chemotherapy and immunotherapy for extensive-stage SCLC.	Immunotherapy	2025	40934436	10.1080/1750743X.2025.2559578	PMC12582045	https://doi.org/10.1080/1750743X.2025.2559578			trilaciclib;sclc;myeloprotection;immunotherapy	metadata_only
trilaciclib_myeloprotection	Lalla et al.	Myeloprotection with trilaciclib in Chinese patients with extensive-stage small cell lung cancer.	Chinese clinical oncology	2025	40337879	10.21037/cco-24-114		https://doi.org/10.21037/cco-24-114			trilaciclib;sclc;myeloprotection;clinical_trial	metadata_only
trilaciclib_myeloprotection	Chen et al.	Real-World Clinical Outcomes of Trilaciclib for the Prevention of Myelosuppression in Patients with Esophageal Cancer Undergoing Chemotherapy.	Current oncology (Toronto, Ont.)	2025	40277746	10.3390/curroncol32040189	PMC12025781	https://doi.org/10.3390/curroncol32040189		chen_2025_pmid40277746.xml	trilaciclib;myeloprotection;clinical_trial	fulltext_xml
trilaciclib_myeloprotection	Yan et al.	Real-World Assessment of Trilaciclib for the Prevention of Chemoradiotherapy-Induced Myelosuppression in Esophageal Squamous Cell Carcinoma: A Propensity Score Matching Study.	Cancer medicine	2025	40232146	10.1002/cam4.70862	PMC11998604	https://doi.org/10.1002/cam4.70862		yan_2025_pmid40232146.xml	trilaciclib;myeloprotection;clinical_trial	fulltext_xml
trilaciclib_myeloprotection	Fang et al.	Cost-effectiveness analysis of trilaciclib for reducing the incidence of chemotherapy-induced myelosuppression among patients with extensive-stage small cell lung cancer in China.	Expert review of pharmacoeconomics & outcomes research	2025	40059551	10.1080/14737167.2025.2478241		https://doi.org/10.1080/14737167.2025.2478241			trilaciclib;sclc;myeloprotection;clinical_trial	metadata_only
trilaciclib_myeloprotection	Chen et al.	Myeloprotection effects of trilaciclib in Chinese patients with extensive stage small cell lung cancer (ES-SCLC) receiving chemotherapy-a real-world study.	Journal of thoracic disease	2024	39678847	10.21037/jtd-24-893	PMC11635219	https://doi.org/10.21037/jtd-24-893		chen_2024_pmid39678847.xml	trilaciclib;sclc;myeloprotection;clinical_trial;sequencing	fulltext_xml
trilaciclib_myeloprotection	Elijah et al.	Trilaciclib use in extensive-stage small cell lung cancer (ES-SCLC): are clinical benefits seen in the real-world setting?	Supportive care in cancer : official journal of the Multinational Association of Supportive Care in Cancer	2024	39215800	10.1007/s00520-024-08828-1	PMC11365831	https://doi.org/10.1007/s00520-024-08828-1		elijah_2024_pmid39215800.xml	trilaciclib;sclc;myeloprotection;clinical_trial;immunotherapy	fulltext_xml
trilaciclib_myeloprotection	Tan et al.	Myelopreservation with Trilaciclib in recurrent advanced ovarian cancer: a case report.	Frontiers in oncology	2024	38764584	10.3389/fonc.2024.1343239	PMC11099831	https://doi.org/10.3389/fonc.2024.1343239		tan_2024_pmid38764584.xml	trilaciclib;myeloprotection;clinical_trial	fulltext_xml
trilaciclib_myeloprotection	Dai et al.	Trilaciclib dosage in Chinese patients with extensive-stage small cell lung cancer: a pooled pharmacometrics analysis.	Acta pharmacologica Sinica	2024	38760542	10.1038/s41401-024-01297-6	PMC11420218	https://doi.org/10.1038/s41401-024-01297-6			trilaciclib;sclc;myeloprotection;clinical_trial	metadata_only
trilaciclib_myeloprotection	Hermosilla-Trespaderne et al.	Proteomic Analysis Reveals Trilaciclib-Induced Senescence.	Molecular & cellular proteomics : MCP	2024	38679389	10.1016/j.mcpro.2024.100778	PMC11141265	https://doi.org/10.1016/j.mcpro.2024.100778		hermosillatrespaderne_2024_pmid38679389.xml	trilaciclib;sclc;myeloprotection;preclinical;mechanism	fulltext_xml
trilaciclib_myeloprotection	Li et al.	Effect of Hepatic Impairment on Trilaciclib Pharmacokinetics.	Journal of clinical pharmacology	2024	38639103	10.1002/jcph.2435		https://doi.org/10.1002/jcph.2435			trilaciclib;sclc;myeloprotection;clinical_trial	metadata_only
trilaciclib_myeloprotection	Crawford et al.	The impact of myelosuppression on quality of life of patients treated with chemotherapy.	Future oncology (London, England)	2024	38587388	10.2217/fon-2023-0513	PMC11441072	https://doi.org/10.2217/fon-2023-0513		crawford_2024_pmid38587388.xml	trilaciclib;sclc;myeloprotection;clinical_trial	fulltext_xml
trilaciclib_myeloprotection	Cheng et al.	Myeloprotection with trilaciclib in Chinese patients with extensive-stage small cell lung cancer receiving chemotherapy: Results from a randomized, double-blind, placebo-controlled phase III study (TRACES).	Lung cancer (Amsterdam, Netherlands)	2024	38224653	10.1016/j.lungcan.2023.107455		https://doi.org/10.1016/j.lungcan.2023.107455			trilaciclib;sclc;myeloprotection;clinical_trial	metadata_only
trilaciclib_myeloprotection	Tan et al.	Investigating potential immune mechanisms of trilaciclib administered prior to chemotherapy in patients with metastatic triple-negative breast cancer.	Breast cancer research and treatment	2023	37418031	10.1007/s10549-023-07009-8	PMC10361859	https://doi.org/10.1007/s10549-023-07009-8		tan_2023_pmid37418031.xml	trilaciclib;breast;clinical_trial;sequencing;antimetabolite	fulltext_xml
trilaciclib_myeloprotection	Falandry et al.	Cell cycle arrest: A breakthrough in the supportive care of older cancer patients.	Journal of the American Geriatrics Society	2023	37036091	10.1111/jgs.18350		https://doi.org/10.1111/jgs.18350			trilaciclib;sclc;myeloprotection;clinical_trial;mechanism	metadata_only
trilaciclib_myeloprotection	Blagosklonny	Selective protection of normal cells from chemotherapy, while killing drug-resistant cancer cells.	Oncotarget	2023	36913303	10.18632/oncotarget.28382	PMC10010629	https://doi.org/10.18632/oncotarget.28382		blagosklonny_2023_pmid36913303.xml	trilaciclib;clinical_trial;synergy;antagonism	fulltext_xml
trilaciclib_myeloprotection	Balducci et al.	A Proactive Approach to Prevent Hematopoietic Exhaustion During Cancer Chemotherapy in Older Patients: Temporary Cell-Cycle Arrest.	Drugs & aging	2023	36715830	10.1007/s40266-022-01005-1		https://doi.org/10.1007/s40266-022-01005-1			trilaciclib;sclc;myeloprotection;clinical_trial	metadata_only
trilaciclib_myeloprotection	Goldschmidt et al.	Real-World Outcomes of Trilaciclib Among Patients with Extensive-Stage Small Cell Lung Cancer Receiving Chemotherapy.	Advances in therapy	2023	37490258	10.1007/s12325-023-02601-2	PMC10499684	https://doi.org/10.1007/s12325-023-02601-2		goldschmidt_2023_pmid37490258.xml	trilaciclib;sclc;myeloprotection;clinical_trial;sequencing	fulltext_xml
trilaciclib_myeloprotection	Crawford et al.	The impact of new and emerging agents on outcomes for febrile neutropenia: addressing clinical gaps.	Current opinion in oncology	2023	37222193	10.1097/CCO.0000000000000952		https://doi.org/10.1097/CCO.0000000000000952			trilaciclib;myeloprotection;clinical_trial	metadata_only
trilaciclib_myeloprotection	Li et al.	Population pharmacokinetics and exposure-response of trilaciclib in extensive-stage small cell lung cancer and triple-negative breast cancer.	British journal of clinical pharmacology	2023	36180417	10.1111/bcp.15549		https://doi.org/10.1111/bcp.15549			trilaciclib;sclc;breast;myeloprotection;clinical_trial	metadata_only
trilaciclib_myeloprotection	Goel et al.	Trilaciclib prior to gemcitabine plus carboplatin for metastatic triple-negative breast cancer: phase III PRESERVE 2.	Future oncology (London, England)	2022	36135712	10.2217/fon-2022-0773		https://doi.org/10.2217/fon-2022-0773			trilaciclib;breast;myeloprotection;clinical_trial;sequencing;antimetabolite;mechanism	metadata_only
trilaciclib_myeloprotection	Balducci et al.	New Advances in Supportive Care: Chemoprotective Agents as Novel Opportunities in Geriatric Oncology.	Current oncology reports	2022	35986858	10.1007/s11912-022-01324-x		https://doi.org/10.1007/s11912-022-01324-x			trilaciclib;sclc;myeloprotection;clinical_trial;mechanism	metadata_only
trilaciclib_myeloprotection	Li et al.	Pharmacokinetic Drug-Drug Interaction Studies Between Trilaciclib and Midazolam, Metformin, Rifampin, Itraconazole, and Topotecan in Healthy Volunteers and Patients with Extensive-Stage Small-Cell Lung Cancer.	Clinical drug investigation	2022	35842567	10.1007/s40261-022-01179-x	PMC9338108	https://doi.org/10.1007/s40261-022-01179-x		li_2022_pmid35842567.xml	trilaciclib;sclc;myeloprotection;clinical_trial;sequencing	fulltext_xml
trilaciclib_myeloprotection	Tan et al.	Trilaciclib Prior to Chemotherapy in Patients with Metastatic Triple-Negative Breast Cancer: Final Efficacy and Subgroup Analysis from a Randomized Phase II Study.	Clinical cancer research : an official journal of the American Association for Cancer Research	2022	34887261	10.1158/1078-0432.CCR-21-2272	PMC9377748	https://doi.org/10.1158/1078-0432.CCR-21-2272		tan_2022_pmid34887261.xml	trilaciclib;breast;clinical_trial;sequencing;antimetabolite;immunotherapy	fulltext_xml
trilaciclib_myeloprotection	Oronsky et al.	A 2022 Update on Extensive Stage Small-Cell Lung Cancer (SCLC).	Journal of Cancer	2022	35912017	10.7150/jca.75622	PMC9330463	https://doi.org/10.7150/jca.75622		oronsky_2022_pmid35912017.xml	trilaciclib;nsclc;sclc;myeloprotection;immunotherapy	fulltext_xml
trilaciclib_myeloprotection	Sbrana et al.	Cytokinetic-driven myeloprotection after cytotoxic chemotherapy: from an old idea to a new clinical approach.	Supportive care in cancer : official journal of the Multinational Association of Supportive Care in Cancer	2022	35484313	10.1007/s00520-022-07084-5		https://doi.org/10.1007/s00520-022-07084-5			trilaciclib;sclc;myeloprotection;immunotherapy	metadata_only
trilaciclib_myeloprotection	de Sousa et al.	Cyclin-dependent Kinases 4/6 Inhibitors in Neuroendocrine Neoplasms: from Bench to Bedside.	Current oncology reports	2022	35262877	10.1007/s11912-022-01251-x		https://doi.org/10.1007/s11912-022-01251-x			palbociclib;ribociclib;abemaciclib;trilaciclib;sclc;myeloprotection;preclinical	metadata_only
trilaciclib_myeloprotection	Abraham et al.	Budget impact analysis of trilaciclib for decreasing the incidence of chemotherapy-induced myelosuppression in patients with extensive-stage small cell lung cancer in the United States.	Journal of managed care & specialty pharmacy	2022	35100006	10.18553/jmcp.2022.21379	PMC12129071	https://doi.org/10.18553/jmcp.2022.21379			trilaciclib;sclc;myeloprotection;clinical_trial;sequencing	metadata_only
trilaciclib_myeloprotection	Panagiotou et al.	Cyclin-dependent kinase (CDK) inhibitors in solid tumors: a review of clinical trials.	Clinical & translational oncology : official publication of the Federation of Spanish Oncology Societies and of the National Cancer Institute of Mexico	2022	34363593	10.1007/s12094-021-02688-5		https://doi.org/10.1007/s12094-021-02688-5			trilaciclib;sclc;breast;mechanism	metadata_only
trilaciclib_myeloprotection	Hussein et al.	Myeloprotective Effects of Trilaciclib Among Patients with Small Cell Lung Cancer at Increased Risk of Chemotherapy-Induced Myelosuppression: Pooled Results from Three Phase 2, Randomized, Double-Blind, Placebo-Controlled Studies.	Cancer management and research	2021	34408488	10.2147/CMAR.S313045	PMC8363477	https://doi.org/10.2147/CMAR.S313045		hussein_2021_pmid34408488.xml	trilaciclib;sclc;myeloprotection;clinical_trial;sequencing	fulltext_xml
trilaciclib_myeloprotection	Dhillon	Trilaciclib: First Approval.	Drugs	2021	33861388	10.1007/s40265-021-01508-y		https://doi.org/10.1007/s40265-021-01508-y			trilaciclib;sclc;breast;myeloprotection;sequencing;mechanism	metadata_only
trilaciclib_myeloprotection	Li et al.	Trilaciclib dose selection: an integrated pharmacokinetic and pharmacodynamic analysis of preclinical data and Phase Ib/IIa studies in patients with extensive-stage small cell lung cancer.	Cancer chemotherapy and pharmacology	2021	33595690	10.1007/s00280-021-04239-9	PMC8026479	https://doi.org/10.1007/s00280-021-04239-9		li_2021_pmid33595690.xml	trilaciclib;sclc;myeloprotection;clinical_trial;preclinical;mechanism	fulltext_xml
trilaciclib_myeloprotection		Trilaciclib (Cosela) for prevention of chemotherapy-related myelosuppression.	The Medical letter on drugs and therapeutics	2021	35085207			https://pubmed.ncbi.nlm.nih.gov/35085207/			trilaciclib;myeloprotection	metadata_only
trilaciclib_myeloprotection	Abraham et al.	Trilaciclib and the economic value of multilineage myeloprotection from chemotherapy-induced myelosuppression among patients with extensive-stage small cell lung cancer treated with first-line chemotherapy.	Journal of medical economics	2021	34873975	10.1080/13696998.2021.2014163		https://doi.org/10.1080/13696998.2021.2014163			trilaciclib;sclc;myeloprotection;clinical_trial;sequencing	metadata_only
trilaciclib_myeloprotection	Tariq et al.	Update 2021: Management of Small Cell Lung Cancer.	Lung	2021	34757446	10.1007/s00408-021-00486-y		https://doi.org/10.1007/s00408-021-00486-y			trilaciclib;sclc;myeloprotection;immunotherapy	metadata_only
trilaciclib_myeloprotection	Das et al.	Advances in Treatment of Recurrent Small Cell Lung Cancer (SCLC): Insights for Optimizing Patient Outcomes from an Expert Roundtable Discussion.	Advances in therapy	2021	34564806	10.1007/s12325-021-01909-1	PMC8475485	https://doi.org/10.1007/s12325-021-01909-1		das_2021_pmid34564806.xml	trilaciclib;sclc;myeloprotection;clinical_trial;sequencing;immunotherapy	fulltext_xml
trilaciclib_myeloprotection	Powell et al.	Concerning FDA approval of trilaciclib (Cosela) in extensive-stage small-cell lung cancer.	Translational oncology	2021	34419683	10.1016/j.tranon.2021.101206	PMC8379686	https://doi.org/10.1016/j.tranon.2021.101206		powell_2021_pmid34419683.xml	trilaciclib;sclc;myeloprotection;clinical_trial	fulltext_xml
trilaciclib_myeloprotection	Ferrarotto et al.	Trilaciclib prior to chemotherapy reduces the usage of supportive care interventions for chemotherapy-induced myelosuppression in patients with small cell lung cancer: Pooled analysis of three randomized phase 2 trials.	Cancer medicine	2021	34405547	10.1002/cam4.4089	PMC8419768	https://doi.org/10.1002/cam4.4089		ferrarotto_2021_pmid34405547.xml	trilaciclib;sclc;myeloprotection;clinical_trial;sequencing	fulltext_xml
trilaciclib_myeloprotection	Lyman et al.	Improving Outcomes of Chemotherapy: Established and Novel Options for Myeloprotection in the COVID-19 Era.	Frontiers in oncology	2021	34307165	10.3389/fonc.2021.697908	PMC8299941	https://doi.org/10.3389/fonc.2021.697908		lyman_2021_pmid34307165.xml	trilaciclib;sclc;myeloprotection;clinical_trial;sequencing	fulltext_xml
trilaciclib_myeloprotection	Dómine Gómez et al.	Exploratory composite endpoint demonstrates benefit of trilaciclib across multiple clinically meaningful components of myeloprotection in patients with small cell lung cancer.	International journal of cancer	2021	34109630	10.1002/ijc.33705	PMC8457063	https://doi.org/10.1002/ijc.33705		dómine_2021_pmid34109630.xml	trilaciclib;sclc;myeloprotection;clinical_trial;sequencing	fulltext_xml
trilaciclib_myeloprotection	Aschenbrenner	New Drug Protects Against Myelosuppression Secondary to Lung Cancer Chemotherapy.	The American journal of nursing	2021	34009159	10.1097/01.NAJ.0000753640.11029.39		https://doi.org/10.1097/01.NAJ.0000753640.11029.39			trilaciclib;sclc;myeloprotection	metadata_only
trilaciclib_myeloprotection	Weiss et al.	Effects of Trilaciclib on Chemotherapy-Induced Myelosuppression and Patient-Reported Outcomes in Patients with Extensive-Stage Small Cell Lung Cancer: Pooled Results from Three Phase II Randomized, Double-Blind, Placebo-Controlled Studies.	Clinical lung cancer	2021	33895103	10.1016/j.cllc.2021.03.010		https://doi.org/10.1016/j.cllc.2021.03.010			trilaciclib;sclc;myeloprotection;clinical_trial;preclinical;sequencing;immunotherapy	metadata_only
trilaciclib_myeloprotection	Daniel et al.	Trilaciclib prior to chemotherapy and atezolizumab in patients with newly diagnosed extensive-stage small cell lung cancer: A multicentre, randomised, double-blind, placebo-controlled Phase II trial.	International journal of cancer	2021	33348420	10.1002/ijc.33453	PMC8048941	https://doi.org/10.1002/ijc.33453		daniel_2021_pmid33348420.xml	trilaciclib;sclc;myeloprotection;clinical_trial;sequencing;immunotherapy	fulltext_xml
trilaciclib_myeloprotection	Hart et al.	Myelopreservation with Trilaciclib in Patients Receiving Topotecan for Small Cell Lung Cancer: Results from a Randomized, Double-Blind, Placebo-Controlled Phase II Study.	Advances in therapy	2021	33123968	10.1007/s12325-020-01538-0	PMC7854399	https://doi.org/10.1007/s12325-020-01538-0		hart_2021_pmid33123968.xml	trilaciclib;sclc;myeloprotection;clinical_trial;sequencing	fulltext_xml
trilaciclib_myeloprotection	Lai et al.	CDK4/6 inhibition enhances antitumor efficacy of chemotherapy and immune checkpoint inhibitor combinations in preclinical models and enhances T-cell activation in patients with SCLC receiving chemotherapy.	Journal for immunotherapy of cancer	2020	33004541	10.1136/jitc-2020-000847	PMC7534680	https://doi.org/10.1136/jitc-2020-000847		lai_2020_pmid33004541.xml	trilaciclib;sclc;myeloprotection;clinical_trial;preclinical;sequencing;immunotherapy;mechanism	fulltext_xml
trilaciclib_myeloprotection	Tan et al.	Trilaciclib plus chemotherapy versus chemotherapy alone in patients with metastatic triple-negative breast cancer: a multicentre, randomised, open-label, phase 2 trial.	The Lancet. Oncology	2019	31575503	10.1016/S1470-2045(19)30616-3		https://doi.org/10.1016/S1470-2045(19)30616-3			trilaciclib;breast;myeloprotection;clinical_trial;antimetabolite	metadata_only
trilaciclib_myeloprotection	Weiss et al.	Myelopreservation with the CDK4/6 inhibitor trilaciclib in patients with small-cell lung cancer receiving first-line chemotherapy: a phase Ib/randomized phase II trial.	Annals of oncology : official journal of the European Society for Medical Oncology	2019	31504118	10.1093/annonc/mdz278	PMC6857609	https://doi.org/10.1093/annonc/mdz278		weiss_2019_pmid31504118.xml	trilaciclib;sclc;myeloprotection;clinical_trial;preclinical	fulltext_xml
trilaciclib_myeloprotection	Parylo et al.	Role of cyclin-dependent kinase 4/6 inhibitors in the current and future eras of cancer treatment.	Journal of oncology pharmacy practice : official publication of the International Society of Oncology Pharmacy Practitioners	2019	29726787	10.1177/1078155218770904		https://doi.org/10.1177/1078155218770904			palbociclib;ribociclib;abemaciclib;trilaciclib;breast;mechanism	metadata_only
trilaciclib_myeloprotection	He et al.	Transient CDK4/6 inhibition protects hematopoietic stem cells from chemotherapy-induced exhaustion.	Science translational medicine	2017	28446688	10.1126/scitranslmed.aal3986	PMC5774632	https://doi.org/10.1126/scitranslmed.aal3986			trilaciclib;myeloprotection;clinical_trial;preclinical;antimetabolite	metadata_only
trilaciclib_myeloprotection	Bisi et al.	Preclinical Characterization of G1T28: A Novel CDK4/6 Inhibitor for Reduction of Chemotherapy-Induced Myelosuppression.	Molecular cancer therapeutics	2016	26826116	10.1158/1535-7163.MCT-15-0775		https://doi.org/10.1158/1535-7163.MCT-15-0775			trilaciclib;sclc;myeloprotection;preclinical	metadata_only
cdk46_antimetabolite_mechanism	Agrawal et al.	Transcriptomic Predictors of Survival for Palbociclib + Endocrine Therapy Versus Capecitabine in Aromatase Inhibitor-Resistant Breast Cancer From the GEICAM/2013-02 PEARL Trial.	JCO precision oncology	2025	40632974	10.1200/PO-24-00937	PMC12261110	https://doi.org/10.1200/PO-24-00937		agrawal_2025_pmid40632974.xml	palbociclib;breast;clinical_trial;sequencing;antimetabolite;mechanism	fulltext_xml
cdk46_antimetabolite_mechanism	Ahn et al.	Palbociclib plus endocrine therapy versus capecitabine in premenopausal women with hormone receptor-positive, HER2-negative metastatic breast cancer (Young-PEARL): overall survival analysis of a randomised, open-label, phase 2 study.	The Lancet. Oncology	2025	39978378	10.1016/S1470-2045(25)00006-3		https://doi.org/10.1016/S1470-2045(25)00006-3			palbociclib;breast;myeloprotection;clinical_trial;sequencing;antimetabolite	metadata_only
cdk46_antimetabolite_mechanism	Kayser et al.	Selective but not pan-CDK inhibition abrogates 5-FU-driven tissue factor upregulation in colon cancer.	Scientific reports	2024	38719932	10.1038/s41598-024-61076-5	PMC11078971	https://doi.org/10.1038/s41598-024-61076-5		kayser_2024_pmid38719932.xml	palbociclib;abemaciclib;preclinical;antimetabolite;mechanism	fulltext_xml
cdk46_antimetabolite_mechanism	Bender et al.	Capecitabine efficacy after cycline-dependent-kinase 4/6 inhibitor plus endocrine therapy in metastatic hormone receptor-positive breast cancer.	Cancer treatment and research communications	2023	37390791	10.1016/j.ctarc.2023.100738		https://doi.org/10.1016/j.ctarc.2023.100738			breast;clinical_trial;sequencing;antimetabolite	metadata_only
cdk46_antimetabolite_mechanism	Tong et al.	Inhibition of multiple CDKs potentiates colon cancer chemotherapy via p73-mediated DR5 induction.	Oncogene	2023	36721000	10.1038/s41388-023-02598-6	PMC10364554	https://doi.org/10.1038/s41388-023-02598-6			preclinical;synergy;antimetabolite	metadata_only
cdk46_antimetabolite_mechanism	Nguyen et al.	Sequential Targeting of Retinoblastoma and DNA Synthesis Pathways Is a Therapeutic Strategy for Sarcomas That Can Be Monitored in Real Time.	Cancer research	2023	36603130	10.1158/0008-5472.CAN-22-2258	PMC10023441	https://doi.org/10.1158/0008-5472.CAN-22-2258			abemaciclib;clinical_trial;preclinical;synergy;sequencing;antimetabolite;mechanism	metadata_only
cdk46_antimetabolite_mechanism	Pribnow et al.	Combination of Ribociclib and Gemcitabine for the Treatment of Medulloblastoma.	Molecular cancer therapeutics	2022	35709750	10.1158/1535-7163.MCT-21-0598	PMC9578677	https://doi.org/10.1158/1535-7163.MCT-21-0598			ribociclib;preclinical;antimetabolite;mechanism	metadata_only
cdk46_antimetabolite_mechanism	Georgiou et al.	ATR and CDK4/6 inhibition target the growth of methotrexate-resistant choriocarcinoma.	Oncogene	2022	35301407	10.1038/s41388-022-02251-8	PMC9054653	https://doi.org/10.1038/s41388-022-02251-8		georgiou_2022_pmid35301407.xml	palbociclib;preclinical;antimetabolite;mechanism	fulltext_xml
cdk46_antimetabolite_mechanism	Tong et al.	CDK4/6 Inhibition Suppresses p73 Phosphorylation and Activates DR5 to Potentiate Chemotherapy and Immune Checkpoint Blockade.	Cancer research	2022	35149588	10.1158/0008-5472.CAN-21-3062	PMC8983601	https://doi.org/10.1158/0008-5472.CAN-21-3062			breast;preclinical;sequencing;antimetabolite;immunotherapy;mechanism	metadata_only
cdk46_antimetabolite_mechanism	Arora et al.	Synergistic combination of cytotoxic chemotherapy and cyclin-dependent kinase 4/6 inhibitors in biliary tract cancers.	Hepatology (Baltimore, Md.)	2022	34407567	10.1002/hep.32102		https://doi.org/10.1002/hep.32102			abemaciclib;myeloprotection;preclinical;synergy;antimetabolite;mechanism	metadata_only
cdk46_antimetabolite_mechanism	Hidalgo et al.	A Preclinical and Phase Ib Study of Palbociclib plus Nab-Paclitaxel in Patients with Metastatic Adenocarcinoma of the Pancreas.	Cancer research communications	2022	36970055	10.1158/2767-9764.CRC-22-0072	PMC10035387	https://doi.org/10.1158/2767-9764.CRC-22-0072		hidalgo_2022_pmid36970055.xml	palbociclib;myeloprotection;clinical_trial;preclinical;sequencing;antimetabolite	fulltext_xml
cdk46_antimetabolite_mechanism	Johnson et al.	Quantifying cell cycle-dependent drug sensitivities in cancer using a high throughput synchronisation and screening approach.	EBioMedicine	2021	34049239	10.1016/j.ebiom.2021.103396	PMC8170111	https://doi.org/10.1016/j.ebiom.2021.103396		johnson_2021_pmid34049239.xml	palbociclib;synergy;antagonism;sequencing;antimetabolite;mechanism	fulltext_xml
cdk46_antimetabolite_mechanism	Martin et al.	Palbociclib in combination with endocrine therapy versus capecitabine in hormonal receptor-positive, human epidermal growth factor 2-negative, aromatase inhibitor-resistant metastatic breast cancer: a phase III randomised controlled trial-PEARL.	Annals of oncology : official journal of the European Society for Medical Oncology	2021	33385521	10.1016/j.annonc.2020.12.013		https://doi.org/10.1016/j.annonc.2020.12.013			palbociclib;breast;myeloprotection;clinical_trial;antimetabolite	metadata_only
cdk46_antimetabolite_mechanism	Castellví et al.	Pharmacological Modulation of SAMHD1 Activity by CDK4/6 Inhibitors Improves Anticancer Therapy.	Cancers	2020	32197329	10.3390/cancers12030713	PMC7140116	https://doi.org/10.3390/cancers12030713		castellvi_2020_pmid32197329.xml	synergy;antimetabolite;mechanism	fulltext_xml
cdk46_antimetabolite_mechanism	Lin et al.	Synergistic Antiproliferative Effect of Ribociclib (LEE011) and 5-Fluorouracil on Human Colorectal Cancer.	Anticancer research	2020	33109564	10.21873/anticanres.14647		https://doi.org/10.21873/anticanres.14647			ribociclib;synergy;antimetabolite;mechanism	metadata_only
cdk46_antimetabolite_mechanism	Kumarasamy et al.	Chemotherapy impacts on the cellular response to CDK4/6 inhibition: distinct mechanisms of interaction and efficacy in models of pancreatic cancer.	Oncogene	2020	31745297	10.1038/s41388-019-1102-1	PMC7047578	https://doi.org/10.1038/s41388-019-1102-1			preclinical;antimetabolite;mechanism	metadata_only
cdk46_antimetabolite_mechanism	Park et al.	Palbociclib plus exemestane with gonadotropin-releasing hormone agonist versus capecitabine in premenopausal women with hormone receptor-positive, HER2-negative metastatic breast cancer (KCSG-BR15-10): a multicentre, open-label, randomised, phase 2 trial.	The Lancet. Oncology	2019	31668850	10.1016/S1470-2045(19)30565-0		https://doi.org/10.1016/S1470-2045(19)30565-0			palbociclib;breast;myeloprotection;clinical_trial;antimetabolite	metadata_only
cdk46_antimetabolite_mechanism	Vo et al.	mTORC1 Inhibition Induces Resistance to Methotrexate and 6-Mercaptopurine in Ph+ and Ph-like B-ALL.	Molecular cancer therapeutics	2017	28566433	10.1158/1535-7163.MCT-17-0024	PMC5619649	https://doi.org/10.1158/1535-7163.MCT-17-0024			palbociclib;preclinical;antimetabolite	metadata_only
cdk46_antimetabolite_mechanism	Pikman et al.	Synergistic Drug Combinations with a CDK4/6 Inhibitor in T-cell Acute Lymphoblastic Leukemia.	Clinical cancer research : an official journal of the American Association for Cancer Research	2017	28151717	10.1158/1078-0432.CCR-15-2869	PMC5432118	https://doi.org/10.1158/1078-0432.CCR-15-2869			ribociclib;preclinical;synergy;antagonism;sequencing;antimetabolite;mechanism	metadata_only
cdk46_antimetabolite_mechanism	Yang et al.	CDK4/6 Inhibitor PD 0332991 Sensitizes Acute Myeloid Leukemia to Cytarabine-Mediated Cytotoxicity.	Cancer research	2015	25744718	10.1158/0008-5472.CAN-14-2486	PMC4417369	https://doi.org/10.1158/0008-5472.CAN-14-2486			palbociclib;preclinical;antimetabolite;mechanism	metadata_only
cdk46_antimetabolite_mechanism	Gelbert et al.	Preclinical characterization of the CDK4/6 inhibitor LY2835219: in-vivo cell cycle-dependent/independent anti-tumor activities alone/in combination with gemcitabine.	Investigational new drugs	2014	24919854	10.1007/s10637-014-0120-7	PMC4169866	https://doi.org/10.1007/s10637-014-0120-7		gelbert_2014_pmid24919854.xml	abemaciclib;preclinical;antimetabolite;mechanism	fulltext_xml
